"Date","Price","Open","High","Low","Vol.","Change %"
"12/29/2023","31,800.0","31,700.0","31,950.0","31,500.0","4.23M","0.95%"
"12/28/2023","31,500.0","30,900.0","31,650.0","30,900.0","5.75M","2.11%"
"12/27/2023","30,850.0","30,850.0","31,150.0","30,850.0","2.02M","0.16%"
"12/26/2023","30,800.0","30,850.0","31,000.0","30,750.0","1.51M","-0.48%"
"12/25/2023","30,950.0","30,800.0","31,000.0","30,600.0","2.57M","1.14%"
"12/22/2023","30,600.0","30,500.0","30,800.0","30,450.0","1.85M","-0.16%"
"12/21/2023","30,650.0","30,300.0","30,650.0","30,150.0","2.48M","0.99%"
"12/20/2023","30,350.0","30,300.0","30,550.0","30,150.0","1.75M","-0.82%"
"12/19/2023","30,600.0","30,000.0","30,600.0","29,800.0","2.11M","1.83%"
"12/18/2023","30,050.0","30,600.0","30,650.0","30,050.0","2.38M","-1.80%"
"12/15/2023","30,600.0","30,550.0","30,800.0","30,400.0","2.15M","0.16%"
"12/14/2023","30,550.0","30,800.0","30,850.0","30,550.0","2.55M","0.16%"
"12/13/2023","30,500.0","31,150.0","31,150.0","30,500.0","3.11M","-1.77%"
"12/12/2023","31,050.0","30,850.0","31,050.0","30,750.0","2.17M","0.65%"
"12/11/2023","30,850.0","30,950.0","31,000.0","30,650.0","1.61M","-0.32%"
"12/08/2023","30,950.0","30,850.0","31,000.0","30,600.0","2.75M","0.32%"
"12/07/2023","30,850.0","30,550.0","31,050.0","30,300.0","5.84M","1.48%"
"12/06/2023","30,400.0","30,000.0","30,500.0","30,000.0","2.49M","1.16%"
"12/05/2023","30,050.0","30,250.0","30,300.0","29,900.0","3.09M","-0.50%"
"12/04/2023","30,200.0","29,800.0","30,500.0","29,800.0","4.76M","1.51%"
"12/01/2023","29,750.0","29,600.0","29,850.0","29,350.0","2.70M","0.85%"
"11/30/2023","29,500.0","29,750.0","30,050.0","29,500.0","2.76M","-1.34%"
"11/29/2023","29,900.0","29,900.0","30,300.0","29,600.0","1.78M","-0.17%"
"11/28/2023","29,950.0","29,300.0","29,950.0","28,800.0","3.74M","2.22%"
"11/27/2023","29,300.0","29,950.0","29,950.0","29,300.0","3.05M","-2.50%"
"11/24/2023","30,050.0","30,350.0","30,600.0","29,450.0","4.70M","-1.15%"
"11/23/2023","30,400.0","31,200.0","31,300.0","30,400.0","3.28M","-1.78%"
"11/22/2023","30,950.0","30,900.0","31,000.0","30,650.0","1.84M","0.49%"
"11/21/2023","30,800.0","31,350.0","31,350.0","30,800.0","2.24M","-0.65%"
"11/20/2023","31,000.0","30,500.0","31,250.0","30,450.0","4.32M","-0.48%"
"11/17/2023","31,150.0","31,700.0","31,950.0","30,700.0","5.08M","-1.74%"
"11/16/2023","31,700.0","31,500.0","31,800.0","31,500.0","2.24M","0.48%"
"11/15/2023","31,550.0","32,000.0","32,200.0","31,500.0","3.67M","0.16%"
"11/14/2023","31,500.0","31,150.0","31,750.0","30,900.0","3.98M","1.94%"
"11/13/2023","30,900.0","31,300.0","31,300.0","30,650.0","2.46M","-0.48%"
"11/10/2023","31,050.0","31,200.0","31,500.0","30,700.0","4.07M","-1.43%"
"11/09/2023","31,500.0","31,850.0","31,950.0","31,300.0","4.25M","-0.94%"
"11/08/2023","31,800.0","30,600.0","31,900.0","30,200.0","3.87M","3.92%"
"11/07/2023","30,600.0","30,600.0","30,950.0","30,450.0","1.51M","-1.29%"
"11/06/2023","31,000.0","30,800.0","31,000.0","30,300.0","3.30M","0.00%"
"11/03/2023","31,000.0","29,950.0","31,000.0","29,550.0","8.10M","5.62%"
"11/02/2023","29,350.0","28,800.0","29,600.0","28,500.0","4.71M","4.08%"
"11/01/2023","28,200.0","28,300.0","28,450.0","27,450.0","4.48M","1.81%"
"10/31/2023","27,700.0","28,200.0","28,500.0","27,200.0","6.09M","-1.42%"
"10/30/2023","28,100.0","29,200.0","29,250.0","28,100.0","6.59M","-4.91%"
"10/27/2023","29,550.0","30,000.0","30,400.0","29,100.0","3.87M","-0.84%"
"10/26/2023","29,800.0","30,800.0","30,950.0","29,200.0","6.68M","-4.49%"
"10/25/2023","31,200.0","31,200.0","31,600.0","31,200.0","2.12M","-0.48%"
"10/24/2023","31,350.0","31,350.0","31,800.0","31,050.0","2.17M","1.46%"
"10/23/2023","30,900.0","31,100.0","31,500.0","30,500.0","2.79M","-0.64%"
"10/20/2023","31,100.0","30,700.0","31,400.0","30,550.0","2.43M","1.47%"
"10/19/2023","30,650.0","31,250.0","31,400.0","30,650.0","2.79M","-1.92%"
"10/18/2023","31,250.0","31,750.0","31,800.0","31,000.0","4.72M","-1.57%"
"10/17/2023","31,750.0","31,950.0","32,200.0","31,750.0","1.82M","-0.16%"
"10/16/2023","31,800.0","32,050.0","32,300.0","31,800.0","2.48M","-1.24%"
"10/13/2023","32,200.0","32,400.0","32,450.0","32,000.0","1.95M","-0.92%"
"10/12/2023","32,500.0","32,700.0","32,850.0","32,500.0","2.46M","-0.31%"
"10/11/2023","32,600.0","32,650.0","32,650.0","32,300.0","2.20M","0.31%"
"10/10/2023","32,500.0","32,300.0","32,650.0","32,250.0","2.66M","1.25%"
"10/09/2023","32,100.0","32,100.0","32,150.0","31,900.0","2.79M","0.16%"
"10/06/2023","32,050.0","31,750.0","32,250.0","31,600.0","2.55M","0.79%"
"10/05/2023","31,800.0","32,350.0","32,600.0","31,800.0","2.44M","-1.40%"
"10/04/2023","32,250.0","32,250.0","32,650.0","32,000.0","2.80M","-0.77%"
"10/03/2023","32,500.0","32,900.0","32,900.0","31,900.0","4.65M","-1.96%"
"10/02/2023","33,150.0","33,650.0","33,650.0","33,000.0","2.14M","-1.49%"
"09/29/2023","33,650.0","33,500.0","33,700.0","33,100.0","2.91M","0.00%"
"09/28/2023","33,650.0","32,600.0","33,900.0","31,850.0","6.56M","3.22%"
"09/27/2023","32,600.0","32,250.0","32,600.0","32,250.0","3.55M","0.62%"
"09/26/2023","32,400.0","32,800.0","33,000.0","32,400.0","4.76M","-1.22%"
"09/25/2023","32,800.0","34,000.0","34,200.0","32,750.0","4.23M","-3.53%"
"09/22/2023","34,000.0","33,950.0","34,250.0","33,400.0","7.54M","-0.87%"
"09/21/2023","34,300.0","34,350.0","34,500.0","34,000.0","3.17M","-0.15%"
"09/20/2023","34,350.0","33,900.0","34,500.0","33,850.0","3.43M","1.33%"
"09/19/2023","33,900.0","34,300.0","34,350.0","33,800.0","5.86M","-0.59%"
"09/18/2023","34,100.0","34,850.0","35,000.0","34,000.0","7.73M","-2.29%"
"09/15/2023","34,900.0","35,100.0","35,500.0","34,900.0","4.52M","0.00%"
"09/14/2023","34,900.0","35,100.0","35,750.0","34,900.0","7.64M","-0.29%"
"09/13/2023","35,000.0","35,400.0","35,450.0","34,850.0","4.98M","-0.85%"
"09/12/2023","35,300.0","34,550.0","35,300.0","34,400.0","4.94M","2.17%"
"09/11/2023","34,550.0","35,600.0","35,600.0","34,450.0","10.81M","-2.26%"
"09/08/2023","35,350.0","35,850.0","35,900.0","35,350.0","4.60M","-1.12%"
"09/07/2023","35,750.0","35,250.0","36,150.0","35,100.0","9.04M","1.56%"
"09/06/2023","35,200.0","35,050.0","35,350.0","34,850.0","4.65M","0.57%"
"09/05/2023","35,000.0","34,800.0","35,150.0","34,750.0","8.00M","1.45%"
"08/31/2023","34,500.0","34,100.0","34,500.0","34,100.0","4.12M","1.47%"
"08/30/2023","34,000.0","34,000.0","34,300.0","33,900.0","4.27M","0.29%"
"08/29/2023","33,900.0","34,000.0","34,250.0","33,750.0","3.70M","-0.29%"
"08/28/2023","34,000.0","33,850.0","34,100.0","33,600.0","4.02M","1.04%"
"08/25/2023","33,650.0","33,700.0","33,850.0","33,400.0","3.64M","-0.44%"
"08/24/2023","33,800.0","33,500.0","33,950.0","33,400.0","4.81M","1.81%"
"08/23/2023","33,200.0","34,000.0","34,200.0","33,200.0","9.09M","0.30%"
"08/22/2023","33,100.0","32,750.0","33,100.0","31,900.0","6.72M","1.07%"
"08/21/2023","32,750.0","32,500.0","32,950.0","32,100.0","5.36M","0.77%"
"08/18/2023","32,500.0","34,550.0","34,550.0","32,450.0","13.22M","-6.34%"
"08/17/2023","34,700.0","35,300.0","35,300.0","34,700.0","5.31M","-1.70%"
"08/16/2023","35,300.0","34,000.0","35,350.0","33,950.0","13.20M","3.67%"
"08/15/2023","34,050.0","33,900.0","34,400.0","33,850.0","4.61M","0.74%"
"08/14/2023","33,800.0","33,750.0","33,800.0","33,450.0","4.57M","0.45%"
"08/11/2023","33,650.0","33,550.0","33,800.0","33,100.0","5.91M","0.45%"
"08/10/2023","33,500.0","34,000.0","34,050.0","33,500.0","6.17M","-1.47%"
"08/09/2023","34,000.0","34,050.0","34,200.0","33,800.0","4.67M","0.00%"
"08/08/2023","34,000.0","34,400.0","34,500.0","33,950.0","5.54M","-1.02%"
"08/07/2023","34,350.0","34,200.0","34,450.0","34,000.0","5.26M","2.23%"
"08/04/2023","33,600.0","33,650.0","34,200.0","33,450.0","12.32M","0.30%"
"08/03/2023","33,500.0","34,000.0","34,050.0","33,500.0","4.17M","-1.18%"
"08/02/2023","33,900.0","33,900.0","34,100.0","33,750.0","4.64M","-0.29%"
"08/01/2023","34,000.0","34,600.0","34,600.0","34,000.0","8.66M","-0.87%"
"07/31/2023","34,300.0","34,100.0","34,600.0","34,000.0","7.65M","1.48%"
"07/28/2023","33,800.0","33,050.0","33,800.0","33,000.0","5.63M","2.11%"
"07/27/2023","33,100.0","33,350.0","33,450.0","32,700.0","7.80M","-1.05%"
"07/26/2023","33,450.0","33,500.0","33,550.0","33,200.0","3.41M","-0.15%"
"07/25/2023","33,500.0","32,800.0","33,800.0","32,700.0","13.27M","3.24%"
"07/24/2023","32,450.0","32,450.0","32,500.0","32,150.0","4.83M","0.46%"
"07/21/2023","32,300.0","31,850.0","32,300.0","31,850.0","5.21M","1.25%"
"07/20/2023","31,900.0","32,400.0","32,400.0","31,800.0","5.26M","-1.24%"
"07/19/2023","32,300.0","32,650.0","32,900.0","32,250.0","5.56M","0.00%"
"07/18/2023","32,300.0","31,900.0","32,300.0","31,800.0","6.51M","1.25%"
"07/17/2023","31,900.0","32,100.0","32,100.0","31,800.0","3.65M","-0.16%"
"07/14/2023","31,950.0","32,200.0","32,200.0","31,700.0","4.47M","0.00%"
"07/13/2023","31,950.0","31,700.0","32,000.0","31,650.0","4.41M","0.95%"
"07/12/2023","31,650.0","31,900.0","32,000.0","31,600.0","4.34M","-0.94%"
"07/11/2023","31,950.0","32,200.0","32,350.0","31,950.0","5.71M","-0.16%"
"07/10/2023","32,000.0","32,000.0","32,100.0","31,700.0","4.98M","1.43%"
"07/07/2023","31,550.0","31,500.0","31,800.0","31,300.0","3.27M","0.00%"
"07/06/2023","31,550.0","31,950.0","32,050.0","31,200.0","6.31M","-1.25%"
"07/05/2023","31,950.0","32,150.0","32,400.0","31,950.0","4.32M","-0.16%"
"07/04/2023","32,000.0","32,000.0","32,100.0","31,850.0","4.33M","0.00%"
"07/03/2023","32,000.0","32,700.0","32,700.0","32,000.0","3.75M","-1.08%"
"06/30/2023","32,350.0","32,650.0","32,800.0","32,350.0","2.45M","-0.92%"
"06/29/2023","32,650.0","33,300.0","33,400.0","32,650.0","3.54M","-1.95%"
"06/28/2023","33,300.0","32,950.0","33,300.0","32,750.0","4.30M","1.06%"
"06/27/2023","32,950.0","33,300.0","33,400.0","32,900.0","3.67M","-1.05%"
"06/26/2023","33,300.0","32,900.0","33,300.0","32,550.0","4.04M","1.22%"
"06/23/2023","32,900.0","32,650.0","33,250.0","32,550.0","4.14M","0.92%"
"06/22/2023","32,600.0","32,900.0","33,150.0","32,600.0","4.40M","0.31%"
"06/21/2023","32,500.0","32,150.0","32,500.0","32,100.0","2.51M","1.09%"
"06/20/2023","32,150.0","32,200.0","32,250.0","31,950.0","2.08M","0.16%"
"06/19/2023","32,100.0","32,550.0","32,550.0","31,950.0","3.67M","-1.38%"
"06/16/2023","32,550.0","32,650.0","33,450.0","32,500.0","6.93M","-0.31%"
"06/15/2023","32,650.0","32,600.0","32,900.0","32,400.0","3.86M","0.15%"
"06/14/2023","32,600.0","33,000.0","33,450.0","32,550.0","5.37M","-0.61%"
"06/13/2023","32,800.0","32,700.0","32,900.0","32,400.0","3.53M","0.31%"
"06/12/2023","32,700.0","32,250.0","32,850.0","31,900.0","4.14M","0.93%"
"06/09/2023","32,400.0","31,800.0","32,500.0","31,600.0","5.32M","2.05%"
"06/08/2023","31,750.0","32,700.0","32,750.0","31,750.0","5.74M","-2.61%"
"06/07/2023","32,600.0","32,550.0","32,750.0","32,200.0","4.96M","-0.31%"
"06/06/2023","32,700.0","31,900.0","32,700.0","31,750.0","6.00M","2.51%"
"06/05/2023","31,900.0","32,450.0","32,800.0","31,900.0","5.86M","-0.93%"
"06/02/2023","32,200.0","30,800.0","32,200.0","30,700.0","13.80M","6.27%"
"06/01/2023","30,300.0","30,000.0","30,300.0","29,750.0","4.78M","1.17%"
"05/31/2023","29,950.0","30,200.0","30,300.0","29,900.0","3.94M","-0.83%"
"05/30/2023","30,200.0","30,400.0","30,450.0","30,000.0","2.10M","0.00%"
"05/29/2023","30,200.0","30,000.0","30,200.0","29,800.0","2.77M","1.00%"
"05/26/2023","29,900.0","29,900.0","29,950.0","29,650.0","1.79M","0.34%"
"05/25/2023","29,800.0","29,800.0","29,900.0","29,600.0","2.52M","0.00%"
"05/24/2023","29,800.0","30,400.0","30,550.0","29,750.0","4.82M","-1.81%"
"05/23/2023","30,350.0","30,700.0","30,700.0","30,000.0","4.21M","-0.49%"
"05/22/2023","30,500.0","29,700.0","30,600.0","29,700.0","9.44M","2.87%"
"05/19/2023","29,650.0","29,550.0","29,750.0","29,250.0","3.40M","0.34%"
"05/18/2023","29,550.0","29,250.0","29,700.0","29,250.0","3.22M","1.03%"
"05/17/2023","29,250.0","29,700.0","29,900.0","29,250.0","3.66M","-1.85%"
"05/16/2023","29,800.0","30,100.0","30,100.0","29,750.0","2.08M","-0.33%"
"05/15/2023","29,900.0","29,450.0","30,150.0","29,400.0","7.34M","2.05%"
"05/12/2023","29,300.0","29,100.0","29,300.0","29,000.0","2.63M","0.69%"
"05/11/2023","29,100.0","29,500.0","29,500.0","29,100.0","2.51M","-0.68%"
"05/10/2023","29,300.0","29,350.0","29,400.0","29,100.0","2.52M","0.00%"
"05/09/2023","29,300.0","29,450.0","29,500.0","29,050.0","1.99M","-0.34%"
"05/08/2023","29,400.0","28,900.0","29,400.0","28,700.0","2.85M","2.44%"
"05/05/2023","28,700.0","29,050.0","29,200.0","28,450.0","3.44M","-1.20%"
"05/04/2023","29,050.0","29,500.0","29,500.0","28,900.0","1.92M","-1.53%"
"04/28/2023","29,500.0","29,950.0","29,950.0","29,500.0","2.48M","-1.34%"
"04/27/2023","29,900.0","30,200.0","30,200.0","29,850.0","2.03M","-0.33%"
"04/26/2023","30,000.0","29,200.0","30,000.0","28,850.0","3.24M","3.45%"
"04/25/2023","29,000.0","29,650.0","29,850.0","29,000.0","2.09M","-1.69%"
"04/24/2023","29,500.0","28,700.0","29,750.0","28,650.0","3.48M","2.79%"
"04/21/2023","28,700.0","29,000.0","29,000.0","28,700.0","2.35M","-0.52%"
"04/20/2023","28,850.0","28,900.0","29,000.0","28,550.0","2.31M","-0.52%"
"04/19/2023","29,000.0","29,200.0","29,400.0","29,000.0","2.61M","-0.51%"
"04/18/2023","29,150.0","29,400.0","29,400.0","28,900.0","2.55M","-1.02%"
"04/17/2023","29,450.0","29,000.0","29,450.0","28,750.0","3.01M","1.90%"
"04/14/2023","28,900.0","30,200.0","30,400.0","28,900.0","9.44M","-4.30%"
"04/13/2023","30,200.0","30,600.0","30,950.0","30,200.0","3.21M","-1.63%"
"04/12/2023","30,700.0","30,400.0","30,950.0","30,100.0","4.51M","0.99%"
"04/11/2023","30,400.0","30,200.0","30,400.0","29,600.0","5.21M","0.66%"
"04/10/2023","30,200.0","29,650.0","30,800.0","29,600.0","5.66M","2.20%"
"04/07/2023","29,550.0","29,650.0","29,700.0","29,400.0","4.09M","-0.17%"
"04/06/2023","29,600.0","29,350.0","30,200.0","29,350.0","7.83M","0.34%"
"04/05/2023","29,500.0","29,400.0","29,600.0","29,200.0","4.33M","0.00%"
"04/04/2023","29,500.0","29,300.0","29,500.0","29,050.0","7.30M","0.68%"
"04/03/2023","29,300.0","29,000.0","29,350.0","28,700.0","12.42M","3.35%"
"03/31/2023","28,350.0","27,800.0","28,400.0","27,800.0","7.22M","2.35%"
"03/30/2023","27,700.0","28,350.0","28,500.0","27,700.0","4.90M","-1.07%"
"03/29/2023","28,000.0","27,550.0","28,300.0","27,500.0","5.72M","1.63%"
"03/28/2023","27,550.0","26,700.0","27,700.0","26,700.0","7.66M","3.96%"
"03/27/2023","26,500.0","26,450.0","26,700.0","26,350.0","1.54M","0.19%"
"03/24/2023","26,450.0","26,400.0","26,700.0","26,300.0","1.96M","0.95%"
"03/23/2023","26,200.0","26,200.0","26,350.0","25,850.0","2.37M","0.00%"
"03/22/2023","26,200.0","26,450.0","26,600.0","26,200.0","2.47M","-0.57%"
"03/21/2023","26,350.0","26,500.0","26,600.0","26,100.0","2.00M","0.38%"
"03/20/2023","26,250.0","26,500.0","26,600.0","26,250.0","2.29M","-1.50%"
"03/17/2023","26,650.0","26,800.0","27,100.0","26,600.0","1.20M","-0.37%"
"03/16/2023","26,750.0","26,900.0","26,950.0","26,350.0","2.66M","-1.65%"
"03/15/2023","27,200.0","26,800.0","27,400.0","26,800.0","2.36M","3.42%"
"03/14/2023","26,300.0","26,650.0","26,750.0","26,300.0","2.47M","-1.68%"
"03/13/2023","26,750.0","26,550.0","26,950.0","26,550.0","3.11M","-1.47%"
"03/10/2023","27,150.0","27,500.0","27,600.0","27,000.0","2.13M","-2.34%"
"03/09/2023","27,800.0","27,500.0","27,850.0","27,200.0","3.29M","1.83%"
"03/08/2023","27,300.0","26,900.0","27,400.0","26,800.0","1.95M","0.74%"
"03/07/2023","27,100.0","27,200.0","27,500.0","27,050.0","2.34M","-0.37%"
"03/06/2023","27,200.0","27,000.0","27,450.0","26,700.0","2.57M","1.49%"
"03/03/2023","26,800.0","27,200.0","27,350.0","26,550.0","1.88M","-1.47%"
"03/02/2023","27,200.0","27,550.0","27,600.0","27,000.0","1.55M","-0.37%"
"03/01/2023","27,300.0","26,200.0","27,350.0","26,050.0","2.20M","3.02%"
"02/28/2023","26,500.0","27,000.0","27,200.0","26,500.0","2.10M","-1.85%"
"02/27/2023","27,000.0","27,200.0","27,200.0","26,600.0","2.38M","-0.92%"
"02/24/2023","27,250.0","27,950.0","27,950.0","27,150.0","1.97M","-2.50%"
"02/23/2023","27,950.0","27,500.0","27,950.0","27,000.0","3.60M","1.64%"
"02/22/2023","27,500.0","28,050.0","28,150.0","27,500.0","2.37M","-3.17%"
"02/21/2023","28,400.0","28,600.0","28,950.0","28,350.0","2.59M","-0.70%"
"02/20/2023","28,600.0","27,750.0","28,600.0","27,700.0","2.74M","2.88%"
"02/17/2023","27,800.0","27,750.0","27,800.0","27,500.0","1.78M","-0.36%"
"02/16/2023","27,900.0","27,600.0","27,900.0","27,200.0","2.25M","1.82%"
"02/15/2023","27,400.0","26,850.0","27,600.0","26,600.0","2.63M","2.05%"
"02/14/2023","26,850.0","26,500.0","27,400.0","26,500.0","2.95M","0.94%"
"02/13/2023","26,600.0","26,850.0","26,900.0","26,350.0","2.90M","-1.30%"
"02/10/2023","26,950.0","27,350.0","27,500.0","26,900.0","2.63M","-1.28%"
"02/09/2023","27,300.0","27,700.0","27,850.0","27,300.0","2.76M","-1.97%"
"02/08/2023","27,850.0","27,500.0","27,950.0","27,400.0","2.71M","1.64%"
"02/07/2023","27,400.0","27,950.0","28,050.0","27,400.0","3.29M","-1.97%"
"02/06/2023","27,950.0","27,100.0","28,000.0","27,050.0","3.18M","3.14%"
"02/03/2023","27,100.0","28,100.0","28,200.0","27,100.0","6.45M","-3.21%"
"02/02/2023","28,000.0","28,200.0","28,400.0","27,600.0","3.80M","-0.71%"
"02/01/2023","28,200.0","29,500.0","29,500.0","28,000.0","5.94M","-4.08%"
"01/31/2023","29,400.0","28,650.0","29,400.0","28,050.0","6.15M","2.44%"
"01/30/2023","28,700.0","29,050.0","29,050.0","28,550.0","5.92M","-1.20%"
"01/27/2023","29,050.0","29,350.0","29,700.0","29,000.0","5.54M","-0.17%"
"01/19/2023","29,100.0","28,850.0","29,300.0","28,850.0","4.74M","0.00%"
"01/18/2023","29,100.0","29,100.0","29,150.0","28,900.0","3.24M","0.34%"
"01/17/2023","29,000.0","28,400.0","29,300.0","28,350.0","6.18M","3.20%"
"01/16/2023","28,100.0","27,850.0","28,100.0","27,650.0","2.49M","1.08%"
"01/13/2023","27,800.0","27,900.0","28,300.0","27,800.0","2.81M","-0.18%"
"01/12/2023","27,850.0","27,650.0","27,950.0","27,600.0","2.12M","0.72%"
"01/11/2023","27,650.0","27,450.0","28,000.0","27,300.0","3.14M","0.73%"
"01/10/2023","27,450.0","27,750.0","28,000.0","27,300.0","2.61M","-1.08%"
"01/09/2023","27,750.0","27,800.0","27,950.0","27,600.0","2.39M","0.18%"
"01/06/2023","27,700.0","27,450.0","28,400.0","27,300.0","4.80M","0.18%"
"01/05/2023","27,650.0","27,300.0","27,800.0","27,150.0","2.72M","1.28%"
"01/04/2023","27,300.0","27,450.0","27,800.0","27,250.0","3.19M","-0.55%"
"01/03/2023","27,450.0","25,750.0","27,450.0","25,750.0","3.79M","6.19%"
"12/30/2022","25,850.0","25,950.0","26,100.0","25,850.0","2.18M","-0.39%"
"12/29/2022","25,950.0","26,100.0","26,300.0","25,750.0","2.93M","-0.76%"
"12/28/2022","26,150.0","26,100.0","26,450.0","25,750.0","3.30M","-0.57%"
"12/27/2022","26,300.0","25,600.0","26,300.0","25,400.0","4.43M","2.33%"
"12/26/2022","25,700.0","27,250.0","27,400.0","25,700.0","7.54M","-6.88%"
"12/23/2022","27,600.0","27,700.0","27,900.0","26,950.0","2.88M","-0.36%"
"12/22/2022","27,700.0","27,750.0","28,400.0","27,250.0","3.60M","0.00%"
"12/21/2022","27,700.0","28,050.0","28,200.0","26,300.0","6.56M","0.00%"
"12/20/2022","27,700.0","29,000.0","29,250.0","27,250.0","11.75M","-5.30%"
"12/19/2022","29,250.0","29,150.0","30,650.0","29,050.0","9.32M","0.34%"
"12/16/2022","29,150.0","29,000.0","29,300.0","28,600.0","6.47M","-1.19%"
"12/15/2022","29,500.0","28,800.0","29,550.0","28,600.0","7.68M","2.43%"
"12/14/2022","28,800.0","29,500.0","29,700.0","28,800.0","8.00M","0.00%"
"12/13/2022","28,800.0","27,200.0","28,800.0","27,000.0","7.32M","5.88%"
"12/12/2022","27,200.0","28,250.0","28,550.0","27,200.0","6.19M","-3.72%"
"12/09/2022","28,250.0","28,450.0","28,500.0","27,700.0","4.41M","0.18%"
"12/08/2022","28,200.0","26,800.0","28,200.0","26,500.0","10.14M","6.82%"
"12/07/2022","26,400.0","27,000.0","27,150.0","25,950.0","7.11M","-2.40%"
"12/06/2022","27,050.0","28,800.0","29,000.0","27,000.0","14.49M","-6.72%"
"12/05/2022","29,000.0","29,500.0","29,800.0","28,800.0","8.45M","0.69%"
"12/02/2022","28,800.0","27,000.0","29,000.0","26,850.0","9.00M","5.11%"
"12/01/2022","27,400.0","26,250.0","27,700.0","26,250.0","16.53M","5.79%"
"11/30/2022","25,900.0","25,200.0","25,900.0","24,950.0","8.86M","2.78%"
"11/29/2022","25,200.0","24,950.0","25,600.0","24,350.0","7.88M","2.44%"
"11/28/2022","24,600.0","23,300.0","24,600.0","23,250.0","9.06M","6.96%"
"11/25/2022","23,000.0","22,350.0","23,000.0","22,200.0","5.21M","3.84%"
"11/24/2022","22,150.0","22,000.0","22,200.0","21,500.0","3.47M","0.68%"
"11/23/2022","22,000.0","22,000.0","22,400.0","21,700.0","3.77M","0.69%"
"11/22/2022","21,850.0","22,050.0","23,050.0","21,850.0","7.55M","-1.80%"
"11/21/2022","22,250.0","22,650.0","23,100.0","22,250.0","4.51M","-1.98%"
"11/18/2022","22,700.0","22,850.0","23,350.0","21,800.0","6.39M","-1.09%"
"11/17/2022","22,950.0","22,700.0","23,050.0","22,200.0","5.98M","3.85%"
"11/16/2022","22,100.0","19,300.0","22,100.0","19,300.0","18.06M","6.76%"
"11/15/2022","20,700.0","22,050.0","22,050.0","20,650.0","10.94M","-6.76%"
"11/14/2022","22,200.0","22,200.0","22,400.0","21,300.0","5.83M","-2.63%"
"11/11/2022","22,800.0","23,500.0","23,950.0","22,800.0","5.48M","0.22%"
"11/10/2022","22,750.0","24,000.0","24,100.0","22,650.0","7.58M","-6.57%"
"11/09/2022","24,350.0","24,500.0","25,100.0","24,200.0","3.65M","0.83%"
"11/08/2022","24,150.0","23,750.0","24,900.0","23,000.0","5.35M","1.68%"
"11/07/2022","23,750.0","25,450.0","25,800.0","23,750.0","6.33M","-6.86%"
"11/04/2022","25,500.0","25,000.0","25,500.0","24,050.0","12.63M","-1.35%"
"11/03/2022","25,850.0","24,650.0","25,850.0","24,650.0","6.66M","2.58%"
"11/02/2022","25,200.0","25,700.0","25,800.0","25,050.0","5.44M","-1.75%"
"11/01/2022","25,650.0","25,000.0","26,000.0","25,000.0","8.60M","4.27%"
"10/31/2022","24,600.0","24,600.0","24,800.0","23,500.0","7.28M","0.82%"
"10/28/2022","24,400.0","23,600.0","24,400.0","23,500.0","12.48M","6.78%"
"10/27/2022","22,850.0","21,500.0","22,850.0","21,500.0","5.22M","6.78%"
"10/26/2022","21,400.0","21,700.0","21,800.0","21,050.0","3.15M","0.47%"
"10/25/2022","21,300.0","21,300.0","22,450.0","20,000.0","9.59M","0.00%"
"10/24/2022","21,300.0","23,050.0","23,350.0","21,300.0","11.80M","-6.99%"
"10/21/2022","22,900.0","24,850.0","24,850.0","22,900.0","9.63M","-6.91%"
"10/20/2022","24,600.0","25,100.0","25,100.0","24,550.0","5.21M","-2.38%"
"10/19/2022","25,200.0","25,300.0","25,500.0","24,600.0","4.57M","-0.40%"
"10/18/2022","25,300.0","25,600.0","25,900.0","25,150.0","5.03M","0.80%"
"10/17/2022","25,100.0","25,500.0","25,500.0","24,350.0","7.76M","-2.33%"
"10/14/2022","25,700.0","26,500.0","26,500.0","25,500.0","6.33M","1.58%"
"10/13/2022","25,300.0","24,800.0","25,300.0","24,100.0","9.39M","2.02%"
"10/12/2022","24,800.0","24,000.0","25,400.0","23,550.0","9.61M","3.33%"
"10/11/2022","24,000.0","25,800.0","25,800.0","24,000.0","21.19M","-6.98%"
"10/10/2022","25,800.0","25,800.0","26,950.0","25,350.0","18.28M","-5.32%"
"10/07/2022","27,250.0","28,900.0","28,900.0","27,250.0","14.35M","-7.00%"
"10/06/2022","29,300.0","30,500.0","30,800.0","29,300.0","5.57M","-3.93%"
"10/05/2022","30,500.0","31,000.0","31,050.0","30,500.0","3.99M","0.66%"
"10/04/2022","30,300.0","30,800.0","31,000.0","30,000.0","5.97M","0.17%"
"10/03/2022","30,250.0","32,500.0","32,600.0","30,250.0","6.08M","-6.92%"
"09/30/2022","32,500.0","33,000.0","33,200.0","32,200.0","5.24M","-1.52%"
"09/29/2022","33,000.0","33,700.0","33,700.0","33,000.0","2.64M","-0.75%"
"09/28/2022","33,250.0","33,350.0","33,700.0","33,200.0","2.07M","-0.75%"
"09/27/2022","33,500.0","33,550.0","33,900.0","33,200.0","2.34M","0.75%"
"09/26/2022","33,250.0","33,850.0","33,850.0","32,950.0","5.22M","-2.78%"
"09/23/2022","34,200.0","34,450.0","34,600.0","34,050.0","2.27M","-1.01%"
"09/22/2022","34,550.0","34,300.0","34,650.0","34,100.0","2.92M","0.14%"
"09/21/2022","34,500.0","35,000.0","35,100.0","34,500.0","2.07M","-1.57%"
"09/20/2022","35,050.0","35,550.0","35,550.0","34,900.0","1.99M","0.00%"
"09/19/2022","35,050.0","36,000.0","36,000.0","34,850.0","3.78M","-2.64%"
"09/16/2022","36,000.0","36,400.0","36,650.0","36,000.0","2.19M","-1.64%"
"09/15/2022","36,600.0","37,000.0","37,050.0","36,600.0","1.61M","-0.54%"
"09/14/2022","36,800.0","36,500.0","37,000.0","36,500.0","2.79M","-1.34%"
"09/13/2022","37,300.0","37,400.0","37,600.0","37,300.0","1.69M","-0.53%"
"09/12/2022","37,500.0","37,650.0","37,800.0","37,450.0","1.29M","-0.40%"
"09/09/2022","37,650.0","37,700.0","37,700.0","37,000.0","2.95M","0.67%"
"09/08/2022","37,400.0","37,750.0","37,900.0","37,350.0","2.47M","-0.40%"
"09/07/2022","37,550.0","38,650.0","38,700.0","37,550.0","4.27M","-2.85%"
"09/06/2022","38,650.0","38,550.0","39,000.0","38,550.0","2.34M","0.13%"
"09/05/2022","38,600.0","38,850.0","38,900.0","38,550.0","2.79M","-0.90%"
"08/31/2022","38,950.0","38,750.0","39,150.0","38,650.0","2.27M","0.52%"
"08/30/2022","38,750.0","38,800.0","39,150.0","38,750.0","3.81M","0.00%"
"08/29/2022","38,750.0","38,800.0","39,100.0","38,500.0","4.47M","-1.90%"
"08/26/2022","39,500.0","39,600.0","39,950.0","39,500.0","4.35M","-0.13%"
"08/25/2022","39,550.0","39,300.0","39,700.0","39,300.0","3.71M","0.76%"
"08/24/2022","39,250.0","38,800.0","39,750.0","38,800.0","3.99M","1.16%"
"08/23/2022","38,800.0","38,650.0","38,800.0","38,350.0","3.34M","0.26%"
"08/22/2022","38,700.0","38,850.0","39,100.0","38,550.0","3.09M","-0.77%"
"08/19/2022","39,000.0","39,050.0","39,200.0","38,950.0","2.57M","-0.26%"
"08/18/2022","39,100.0","39,100.0","39,500.0","38,950.0","5.34M","-0.51%"
"08/17/2022","39,300.0","39,050.0","39,350.0","39,000.0","4.46M","0.77%"
"08/16/2022","39,000.0","39,050.0","39,200.0","38,950.0","3.04M","-0.26%"
"08/15/2022","39,100.0","39,000.0","39,350.0","38,850.0","4.37M","0.77%"
"08/12/2022","38,800.0","38,500.0","38,800.0","38,250.0","2.82M","0.78%"
"08/11/2022","38,500.0","39,100.0","39,300.0","38,350.0","4.92M","-0.77%"
"08/10/2022","38,800.0","38,850.0","39,050.0","38,700.0","3.00M","-0.89%"
"08/09/2022","39,150.0","39,400.0","39,650.0","39,000.0","4.31M","-0.13%"
"08/08/2022","39,200.0","38,500.0","39,650.0","38,500.0","8.00M","2.08%"
"08/05/2022","38,400.0","38,400.0","38,800.0","38,300.0","3.91M","0.00%"
"08/04/2022","38,400.0","38,250.0","38,850.0","38,200.0","4.63M","0.66%"
"08/03/2022","38,150.0","38,300.0","38,400.0","37,850.0","4.94M","-0.39%"
"08/02/2022","38,300.0","38,400.0","38,600.0","38,050.0","4.61M","-0.78%"
"08/01/2022","38,600.0","37,850.0","38,800.0","37,600.0","6.88M","1.85%"
"07/29/2022","37,900.0","37,500.0","37,900.0","37,150.0","5.49M","1.61%"
"07/28/2022","37,300.0","36,900.0","37,500.0","36,800.0","5.60M","1.91%"
"07/27/2022","36,600.0","36,400.0","36,600.0","36,400.0","1.65M","0.00%"
"07/26/2022","36,600.0","36,800.0","37,050.0","36,550.0","2.79M","-0.54%"
"07/25/2022","36,800.0","36,850.0","37,100.0","36,750.0","2.34M","-0.81%"
"07/22/2022","37,100.0","37,300.0","37,900.0","37,050.0","4.42M","0.68%"
"07/21/2022","36,850.0","36,600.0","36,900.0","36,300.0","5.49M","1.52%"
"07/20/2022","36,300.0","36,500.0","36,600.0","36,200.0","4.92M","0.55%"
"07/19/2022","36,100.0","36,250.0","36,300.0","35,750.0","2.57M","-0.55%"
"07/18/2022","36,300.0","36,300.0","36,850.0","36,100.0","2.99M","0.55%"
"07/15/2022","36,100.0","36,100.0","36,550.0","36,100.0","4.09M","0.42%"
"07/14/2022","35,950.0","35,900.0","36,300.0","35,850.0","2.90M","-0.42%"
"07/13/2022","36,100.0","36,150.0","36,800.0","36,000.0","3.16M","0.00%"
"07/12/2022","36,100.0","35,800.0","36,100.0","35,650.0","3.92M","1.40%"
"07/11/2022","35,600.0","37,050.0","37,300.0","35,500.0","8.45M","-5.19%"
"07/08/2022","37,550.0","37,950.0","38,000.0","37,350.0","4.06M","-0.66%"
"07/07/2022","37,800.0","37,450.0","38,000.0","37,000.0","3.57M","0.53%"
"07/06/2022","37,600.0","37,500.0","38,400.0","37,200.0","6.06M","-0.40%"
"07/05/2022","37,750.0","36,600.0","38,250.0","36,350.0","10.89M","3.85%"
"07/04/2022","36,350.0","36,250.0","36,700.0","36,050.0","3.15M","0.97%"
"07/01/2022","36,000.0","35,600.0","36,250.0","34,850.0","3.47M","1.27%"
"06/30/2022","35,550.0","36,550.0","37,100.0","35,550.0","3.57M","-3.27%"
"06/29/2022","36,750.0","36,200.0","37,150.0","36,200.0","3.05M","0.14%"
"06/28/2022","36,700.0","35,500.0","36,950.0","35,350.0","5.34M","3.23%"
"06/27/2022","35,550.0","35,550.0","35,950.0","35,500.0","4.28M","0.14%"
"06/24/2022","35,500.0","35,950.0","36,100.0","35,500.0","2.97M","-1.25%"
"06/23/2022","35,950.0","34,800.0","36,400.0","34,550.0","4.71M","3.30%"
"06/22/2022","34,800.0","33,750.0","35,300.0","33,450.0","6.21M","5.45%"
"06/21/2022","33,000.0","33,100.0","33,800.0","32,800.0","4.90M","0.00%"
"06/20/2022","33,000.0","34,500.0","35,200.0","33,000.0","4.00M","-4.35%"
"06/17/2022","34,500.0","35,050.0","35,400.0","33,850.0","4.99M","-4.30%"
"06/16/2022","36,050.0","35,900.0","36,500.0","35,600.0","5.92M","0.98%"
"06/15/2022","35,700.0","35,700.0","36,150.0","35,050.0","5.45M","-0.14%"
"06/14/2022","35,750.0","35,300.0","36,300.0","35,200.0","3.74M","-0.69%"
"06/13/2022","36,000.0","37,000.0","37,250.0","35,950.0","6.67M","-5.14%"
"06/10/2022","37,950.0","37,000.0","38,900.0","36,950.0","8.19M","1.47%"
"06/09/2022","37,400.0","37,250.0","37,550.0","37,050.0","5.78M","0.40%"
"06/08/2022","37,250.0","36,300.0","37,450.0","36,150.0","6.46M","2.90%"
"06/07/2022","36,200.0","36,000.0","36,200.0","35,000.0","4.64M","0.42%"
"06/06/2022","36,050.0","36,450.0","36,800.0","36,000.0","3.85M","-1.10%"
"06/03/2022","36,450.0","36,350.0","36,850.0","36,050.0","3.04M","0.14%"
"06/02/2022","36,400.0","36,900.0","37,000.0","36,000.0","3.53M","-1.22%"
"06/01/2022","36,850.0","37,000.0","37,700.0","36,650.0","3.83M","-0.81%"
"05/31/2022","37,150.0","37,450.0","37,600.0","37,150.0","5.12M","-1.59%"
"05/30/2022","37,750.0","38,000.0","38,000.0","37,450.0","4.22M","0.80%"
"05/27/2022","37,450.0","36,900.0","37,450.0","36,850.0","5.78M","2.04%"
"05/26/2022","36,700.0","36,700.0","37,250.0","36,550.0","4.69M","0.55%"
"05/25/2022","36,500.0","35,850.0","36,650.0","35,500.0","6.71M","3.55%"
"05/24/2022","35,250.0","34,800.0","35,250.0","34,400.0","4.27M","1.15%"
"05/23/2022","34,850.0","35,800.0","36,200.0","34,850.0","5.29M","-2.38%"
"05/20/2022","35,700.0","35,800.0","36,450.0","35,350.0","5.44M","-0.28%"
"05/19/2022","35,800.0","35,400.0","36,400.0","35,200.0","5.69M","-0.69%"
"05/18/2022","36,050.0","35,700.0","36,900.0","35,350.0","8.69M","3.44%"
"05/17/2022","34,850.0","32,600.0","34,850.0","32,550.0","9.45M","6.90%"
"05/16/2022","32,600.0","35,100.0","35,800.0","32,600.0","11.69M","-3.55%"
"05/13/2022","33,800.0","36,300.0","36,800.0","33,800.0","15.20M","-6.89%"
"05/12/2022","36,300.0","39,000.0","39,000.0","36,300.0","7.31M","-6.92%"
"05/11/2022","39,000.0","39,000.0","39,450.0","38,450.0","4.07M","0.78%"
"05/10/2022","38,700.0","37,450.0","38,850.0","37,450.0","10.24M","0.26%"
"05/09/2022","38,600.0","41,200.0","41,400.0","38,600.0","12.36M","-6.99%"
"05/06/2022","41,500.0","41,700.0","42,300.0","41,500.0","4.89M","-2.58%"
"05/05/2022","42,600.0","42,850.0","42,850.0","41,400.0","4.80M","1.43%"
"05/04/2022","42,000.0","43,500.0","43,650.0","42,000.0","6.38M","-4.55%"
"04/29/2022","44,000.0","42,300.0","44,000.0","42,200.0","9.80M","4.02%"
"04/28/2022","42,300.0","41,650.0","42,800.0","41,650.0","4.73M","1.68%"
"04/27/2022","41,600.0","41,500.0","42,200.0","40,900.0","6.15M","0.24%"
"04/26/2022","41,500.0","40,600.0","42,000.0","38,850.0","11.12M","1.10%"
"04/25/2022","41,050.0","44,200.0","44,300.0","41,050.0","12.32M","-6.92%"
"04/22/2022","44,100.0","44,000.0","44,750.0","43,550.0","6.68M","1.15%"
"04/21/2022","43,600.0","43,000.0","44,000.0","42,900.0","10.02M","1.28%"
"04/20/2022","43,050.0","43,700.0","44,200.0","43,050.0","7.91M","-1.49%"
"04/19/2022","43,700.0","45,000.0","45,450.0","43,500.0","7.23M","-2.56%"
"04/18/2022","44,850.0","46,000.0","46,250.0","44,800.0","11.51M","-1.64%"
"04/15/2022","45,600.0","47,300.0","47,300.0","45,600.0","18.62M","-3.59%"
"04/14/2022","47,300.0","48,050.0","48,350.0","47,150.0","8.32M","-1.46%"
"04/13/2022","48,000.0","48,400.0","48,450.0","47,900.0","6.72M","0.00%"
"04/12/2022","48,000.0","48,700.0","48,900.0","47,900.0","8.28M","-1.74%"
"04/08/2022","48,850.0","49,400.0","49,400.0","48,800.0","7.03M","-0.91%"
"04/07/2022","49,300.0","49,900.0","50,300.0","49,300.0","5.97M","-1.20%"
"04/06/2022","49,900.0","48,900.0","49,900.0","48,700.0","9.01M","1.73%"
"04/05/2022","49,050.0","49,400.0","49,500.0","49,050.0","5.80M","-1.21%"
"04/04/2022","49,650.0","50,400.0","50,600.0","49,650.0","9.78M","-1.29%"
"04/01/2022","50,300.0","49,550.0","50,400.0","49,400.0","9.58M","1.51%"
"03/31/2022","49,550.0","49,500.0","49,700.0","49,300.0","5.25M","0.81%"
"03/30/2022","49,150.0","48,900.0","49,900.0","48,900.0","5.60M","0.51%"
"03/29/2022","48,900.0","48,900.0","49,150.0","48,650.0","4.27M","0.20%"
"03/28/2022","48,800.0","49,150.0","49,150.0","48,350.0","6.60M","-0.91%"
"03/25/2022","49,250.0","49,400.0","49,450.0","49,150.0","3.18M","-0.10%"
"03/24/2022","49,300.0","49,600.0","49,800.0","49,300.0","3.21M","-0.60%"
"03/23/2022","49,600.0","49,900.0","50,200.0","49,600.0","3.41M","-0.60%"
"03/22/2022","49,900.0","49,550.0","50,300.0","49,500.0","5.95M","0.91%"
"03/21/2022","49,450.0","49,250.0","49,550.0","49,100.0","3.92M","0.51%"
"03/18/2022","49,200.0","49,150.0","49,400.0","49,100.0","2.91M","0.41%"
"03/17/2022","49,000.0","49,450.0","49,500.0","49,000.0","3.25M","-0.10%"
"03/16/2022","49,050.0","48,800.0","49,450.0","48,800.0","4.54M","0.93%"
"03/15/2022","48,600.0","48,600.0","49,000.0","48,500.0","3.83M","0.21%"
"03/14/2022","48,500.0","48,800.0","48,900.0","48,300.0","5.16M","-0.82%"
"03/11/2022","48,900.0","49,200.0","49,200.0","48,700.0","6.42M","-0.71%"
"03/10/2022","49,250.0","49,800.0","49,800.0","49,250.0","4.39M","0.31%"
"03/09/2022","49,100.0","49,000.0","49,350.0","48,900.0","6.96M","0.20%"
"03/08/2022","49,000.0","49,000.0","49,500.0","48,800.0","8.77M","-0.51%"
"03/07/2022","49,250.0","49,500.0","49,600.0","49,100.0","8.12M","-1.40%"
"03/04/2022","49,950.0","49,750.0","50,400.0","49,500.0","7.02M","0.60%"
"03/03/2022","49,650.0","49,500.0","49,900.0","49,150.0","7.39M","0.91%"
"03/02/2022","49,200.0","50,100.0","50,100.0","49,200.0","17.89M","-2.19%"
"03/01/2022","50,300.0","50,700.0","50,700.0","50,100.0","6.95M","-0.20%"
"02/28/2022","50,400.0","50,500.0","50,900.0","50,200.0","7.11M","-0.59%"
"02/25/2022","50,700.0","51,000.0","51,300.0","50,500.0","6.67M","0.40%"
"02/24/2022","50,500.0","51,500.0","51,900.0","49,800.0","15.53M","-2.32%"
"02/23/2022","51,700.0","51,700.0","52,200.0","51,400.0","6.19M","0.58%"
"02/22/2022","51,400.0","51,000.0","51,700.0","50,600.0","10.56M","-0.19%"
"02/21/2022","51,500.0","51,600.0","51,700.0","50,800.0","8.65M","-0.19%"
"02/18/2022","51,600.0","51,700.0","52,000.0","51,500.0","6.54M","-1.15%"
"02/17/2022","52,200.0","51,600.0","52,500.0","51,600.0","7.30M","1.16%"
"02/16/2022","51,600.0","52,200.0","52,200.0","51,500.0","6.17M","-0.39%"
"02/15/2022","51,800.0","51,600.0","52,100.0","51,300.0","8.58M","0.58%"
"02/14/2022","51,500.0","53,200.0","53,200.0","51,500.0","18.77M","-4.10%"
"02/11/2022","53,700.0","53,500.0","53,800.0","53,000.0","7.85M","0.19%"
"02/10/2022","53,600.0","53,600.0","54,200.0","53,100.0","11.22M","0.00%"
"02/09/2022","53,600.0","54,000.0","54,900.0","53,600.0","17.39M","-0.37%"
"02/08/2022","53,800.0","52,800.0","54,300.0","52,800.0","16.48M","1.89%"
"02/07/2022","52,800.0","53,700.0","53,800.0","52,800.0","9.81M","0.00%"
"01/28/2022","52,800.0","51,900.0","53,000.0","51,600.0","10.29M","1.73%"
"01/27/2022","51,900.0","52,000.0","52,700.0","51,500.0","8.04M","-0.95%"
"01/26/2022","52,400.0","52,400.0","53,300.0","52,000.0","15.04M","0.96%"
"01/25/2022","51,900.0","51,200.0","52,100.0","51,000.0","14.47M","3.18%"
"01/24/2022","50,300.0","49,950.0","51,400.0","49,800.0","16.27M","1.00%"
"01/21/2022","49,800.0","49,000.0","50,800.0","48,900.0","10.32M","1.94%"
"01/20/2022","48,850.0","48,650.0","49,400.0","48,600.0","6.43M","0.00%"
"01/19/2022","48,850.0","49,000.0","49,400.0","48,800.0","4.22M","0.21%"
"01/18/2022","48,750.0","48,600.0","49,450.0","48,500.0","7.89M","0.31%"
"01/17/2022","48,600.0","49,700.0","50,500.0","48,600.0","10.99M","-2.31%"
"01/14/2022","49,750.0","50,000.0","50,400.0","49,500.0","5.19M","-1.49%"
"01/13/2022","50,500.0","50,900.0","51,800.0","50,200.0","14.42M","0.20%"
"01/12/2022","50,400.0","48,450.0","50,400.0","48,400.0","12.04M","4.02%"
"01/11/2022","48,450.0","48,900.0","49,100.0","48,400.0","7.30M","-0.41%"
"01/10/2022","48,650.0","49,500.0","49,600.0","48,650.0","8.77M","-1.62%"
"01/07/2022","49,450.0","49,900.0","50,100.0","49,400.0","7.83M","-0.90%"
"01/06/2022","49,900.0","50,200.0","50,400.0","49,600.0","10.72M","-1.19%"
"01/05/2022","50,500.0","50,900.0","51,200.0","50,300.0","9.57M","-0.79%"
"01/04/2022","50,900.0","50,500.0","51,200.0","50,300.0","11.33M","1.80%"
"12/31/2021","50,000.0","49,500.0","50,500.0","49,450.0","9.55M","1.42%"
"12/30/2021","49,300.0","49,200.0","49,750.0","49,000.0","5.32M","0.41%"
"12/29/2021","49,100.0","49,150.0","49,650.0","49,000.0","6.14M","-0.10%"
"12/28/2021","49,150.0","49,250.0","49,350.0","48,700.0","7.47M","0.61%"
"12/27/2021","48,850.0","49,400.0","49,400.0","48,500.0","4.73M","-0.10%"
"12/24/2021","48,900.0","47,450.0","49,150.0","47,450.0","6.14M","3.27%"
"12/23/2021","47,350.0","48,850.0","48,850.0","47,300.0","13.50M","-3.17%"
"12/22/2021","48,900.0","49,300.0","49,500.0","48,300.0","12.63M","-0.71%"
"12/21/2021","49,250.0","49,500.0","49,700.0","49,200.0","7.26M","-0.51%"
"12/20/2021","49,500.0","49,850.0","50,000.0","49,350.0","7.69M","-0.70%"
"12/17/2021","49,850.0","50,000.0","50,100.0","49,800.0","7.90M","0.00%"
"12/16/2021","49,850.0","50,500.0","50,500.0","49,850.0","6.33M","-0.70%"
"12/15/2021","50,200.0","50,300.0","50,800.0","49,950.0","6.82M","0.20%"
"12/14/2021","50,100.0","50,000.0","50,800.0","49,850.0","7.14M","0.20%"
"12/13/2021","50,000.0","50,300.0","50,400.0","49,950.0","7.44M","-0.40%"
"12/10/2021","50,200.0","50,500.0","50,900.0","50,100.0","7.51M","-0.40%"
"12/09/2021","50,400.0","50,000.0","50,400.0","49,850.0","5.20M","0.80%"
"12/08/2021","50,000.0","50,200.0","50,800.0","49,900.0","7.65M","0.00%"
"12/07/2021","50,000.0","49,600.0","50,300.0","49,350.0","8.98M","2.04%"
"12/06/2021","49,000.0","50,300.0","51,000.0","48,650.0","22.91M","-2.39%"
"12/03/2021","50,200.0","52,000.0","52,200.0","50,200.0","15.57M","-2.90%"
"12/02/2021","51,700.0","52,400.0","52,600.0","51,700.0","8.97M","-1.34%"
"12/01/2021","52,400.0","51,600.0","52,400.0","51,500.0","11.34M","1.16%"
"11/30/2021","51,800.0","53,100.0","53,100.0","51,500.0","24.49M","-0.96%"
"11/29/2021","52,300.0","53,000.0","53,400.0","52,100.0","28.24M","-3.15%"
"11/26/2021","54,000.0","55,100.0","55,500.0","53,900.0","21.92M","-1.64%"
"11/25/2021","54,900.0","56,000.0","56,000.0","54,700.0","17.98M","-1.08%"
"11/24/2021","55,500.0","52,600.0","55,700.0","52,300.0","52.38M","5.51%"
"11/23/2021","52,600.0","53,400.0","53,500.0","52,400.0","10.60M","-0.94%"
"11/22/2021","53,100.0","52,300.0","54,800.0","52,300.0","23.61M","1.53%"
"11/19/2021","52,300.0","51,800.0","53,400.0","51,200.0","29.91M","1.55%"
"11/18/2021","51,500.0","52,000.0","52,200.0","51,400.0","12.83M","-1.34%"
"11/17/2021","52,200.0","52,000.0","52,400.0","51,700.0","12.11M","0.38%"
"11/16/2021","52,000.0","52,000.0","52,900.0","51,600.0","12.52M","0.00%"
"11/15/2021","52,000.0","52,800.0","53,000.0","51,900.0","11.08M","-0.95%"
"11/12/2021","52,500.0","51,400.0","52,700.0","51,100.0","12.72M","1.94%"
"11/11/2021","51,500.0","51,700.0","52,400.0","50,700.0","21.84M","-0.39%"
"11/10/2021","51,700.0","52,600.0","52,700.0","51,600.0","19.48M","-1.15%"
"11/09/2021","52,300.0","53,000.0","53,300.0","52,300.0","21.53M","-0.57%"
"11/08/2021","52,600.0","52,800.0","53,300.0","52,300.0","21.19M","-0.75%"
"11/05/2021","53,000.0","53,500.0","53,500.0","52,700.0","13.45M","-0.56%"
"11/04/2021","53,300.0","53,700.0","54,200.0","52,800.0","18.68M","-0.74%"
"11/03/2021","53,700.0","52,300.0","54,200.0","52,000.0","39.74M","4.07%"
"11/02/2021","51,600.0","51,800.0","51,800.0","51,500.0","15.47M","0.00%"
"11/01/2021","51,600.0","51,700.0","52,500.0","51,500.0","25.40M","0.00%"
"10/29/2021","51,600.0","51,900.0","52,000.0","51,300.0","12.74M","-0.39%"
"10/28/2021","51,800.0","52,000.0","52,100.0","51,500.0","13.86M","0.58%"
"10/27/2021","51,500.0","51,200.0","51,800.0","50,900.0","16.75M","0.98%"
"10/26/2021","51,000.0","50,400.0","51,000.0","49,950.0","20.16M","0.20%"
"10/25/2021","50,900.0","52,100.0","52,100.0","50,800.0","28.53M","-2.68%"
"10/22/2021","52,300.0","52,900.0","53,000.0","52,200.0","11.64M","-1.13%"
"10/21/2021","52,900.0","54,000.0","54,000.0","52,900.0","15.32M","-0.56%"
"10/20/2021","53,200.0","52,800.0","53,900.0","52,500.0","22.70M","0.95%"
"10/19/2021","52,700.0","52,900.0","53,000.0","52,000.0","14.17M","-0.38%"
"10/18/2021","52,900.0","53,200.0","53,600.0","52,700.0","15.02M","0.57%"
"10/15/2021","52,600.0","52,900.0","52,900.0","52,300.0","11.95M","0.19%"
"10/14/2021","52,500.0","52,500.0","53,000.0","52,200.0","19.79M","0.19%"
"10/13/2021","52,400.0","53,000.0","53,200.0","52,300.0","14.19M","-1.13%"
"10/12/2021","53,000.0","53,400.0","53,400.0","52,600.0","14.22M","0.00%"
"10/11/2021","53,000.0","51,000.0","53,000.0","51,000.0","23.10M","4.54%"
"10/08/2021","50,700.0","50,100.0","50,900.0","50,000.0","7.63M","1.40%"
"10/07/2021","50,000.0","50,600.0","50,800.0","50,000.0","5.41M","-0.60%"
"10/06/2021","50,300.0","49,450.0","50,500.0","49,200.0","8.58M","2.44%"
"10/05/2021","49,100.0","48,600.0","49,200.0","48,600.0","5.89M","1.55%"
"10/04/2021","48,350.0","48,800.0","48,950.0","48,300.0","9.51M","-1.33%"
"10/01/2021","49,000.0","49,600.0","49,800.0","48,900.0","6.50M","-1.21%"
"09/30/2021","49,600.0","49,700.0","50,400.0","49,600.0","5.28M","0.40%"
"09/29/2021","49,400.0","49,200.0","49,750.0","48,900.0","5.68M","-0.80%"
"09/28/2021","49,800.0","49,300.0","49,850.0","48,800.0","5.57M","0.61%"
"09/27/2021","49,500.0","50,700.0","51,100.0","49,500.0","6.85M","-2.17%"
"09/24/2021","50,600.0","50,700.0","51,500.0","50,300.0","7.36M","0.80%"
"09/23/2021","50,200.0","50,600.0","51,300.0","50,000.0","8.63M","-0.59%"
"09/22/2021","50,500.0","50,900.0","50,900.0","49,900.0","4.96M","0.20%"
"09/21/2021","50,400.0","50,100.0","50,900.0","49,750.0","10.06M","-0.59%"
"09/20/2021","50,700.0","50,500.0","51,600.0","50,100.0","13.07M","1.91%"
"09/17/2021","49,750.0","49,200.0","49,900.0","49,200.0","8.27M","1.32%"
"09/16/2021","49,100.0","48,900.0","49,150.0","48,600.0","5.52M","1.45%"
"09/15/2021","48,400.0","48,200.0","48,800.0","48,100.0","5.04M","-0.21%"
"09/14/2021","48,500.0","48,950.0","49,100.0","48,500.0","6.14M","-0.92%"
"09/13/2021","48,950.0","49,150.0","49,450.0","48,900.0","6.80M","-0.71%"
"09/10/2021","49,300.0","49,800.0","49,800.0","49,000.0","7.22M","0.00%"
"09/09/2021","49,300.0","48,500.0","49,500.0","48,500.0","7.85M","1.02%"
"09/08/2021","48,800.0","49,600.0","49,650.0","48,600.0","7.15M","-1.71%"
"09/07/2021","49,650.0","49,050.0","50,400.0","49,050.0","11.61M","1.43%"
"09/06/2021","48,950.0","48,650.0","48,950.0","47,900.0","12.88M","1.35%"
"09/01/2021","48,300.0","48,200.0","48,950.0","48,200.0","8.53M","-0.41%"
"08/31/2021","48,500.0","49,500.0","49,500.0","47,000.0","7.77M","-1.42%"
"08/30/2021","49,200.0","48,600.0","49,400.0","48,100.0","12.30M","2.39%"
"08/27/2021","48,050.0","47,800.0","48,150.0","47,000.0","19.69M","-0.52%"
"08/26/2021","48,300.0","49,300.0","49,350.0","48,200.0","10.11M","-1.73%"
"08/25/2021","49,150.0","48,900.0","49,200.0","48,500.0","9.43M","0.31%"
"08/24/2021","49,000.0","48,750.0","49,200.0","48,400.0","16.21M","0.51%"
"08/23/2021","48,750.0","50,300.0","50,800.0","48,750.0","26.00M","-3.47%"
"08/20/2021","50,500.0","52,800.0","53,000.0","49,800.0","31.46M","-4.72%"
"08/19/2021","53,000.0","52,500.0","53,300.0","52,100.0","18.77M","0.38%"
"08/18/2021","52,800.0","53,000.0","53,500.0","52,500.0","12.91M","-0.94%"
"08/17/2021","53,300.0","54,300.0","54,700.0","52,800.0","16.00M","-1.30%"
"08/16/2021","54,000.0","52,300.0","54,400.0","52,100.0","30.30M","3.45%"
"08/13/2021","52,200.0","52,000.0","52,200.0","51,100.0","15.40M","0.38%"
"08/12/2021","52,000.0","52,400.0","53,000.0","52,000.0","11.78M","-0.57%"
"08/11/2021","52,300.0","52,300.0","53,500.0","51,900.0","20.47M","0.00%"
"08/10/2021","52,300.0","53,000.0","53,000.0","51,900.0","12.27M","-0.38%"
"08/09/2021","52,500.0","51,500.0","52,700.0","51,300.0","15.21M","1.35%"
"08/06/2021","51,800.0","52,500.0","53,200.0","51,800.0","16.08M","-1.33%"
"08/05/2021","52,500.0","51,900.0","52,700.0","51,700.0","12.02M","0.96%"
"08/04/2021","52,000.0","52,500.0","52,600.0","51,800.0","19.18M","0.39%"
"08/03/2021","51,800.0","50,800.0","52,000.0","50,800.0","22.93M","1.97%"
"08/02/2021","50,800.0","51,000.0","51,400.0","50,600.0","14.03M","-0.59%"
"07/30/2021","51,100.0","50,700.0","51,600.0","50,500.0","16.93M","0.99%"
"07/29/2021","50,600.0","50,100.0","50,800.0","50,000.0","12.54M","1.81%"
"07/28/2021","49,700.0","49,750.0","50,300.0","49,500.0","7.47M","-0.10%"
"07/27/2021","49,750.0","50,000.0","50,300.0","49,550.0","13.27M","1.53%"
"07/26/2021","49,000.0","49,000.0","49,650.0","48,700.0","14.42M","-1.01%"
"07/23/2021","49,500.0","50,600.0","51,100.0","49,500.0","20.07M","-3.13%"
"07/22/2021","51,100.0","50,100.0","51,500.0","49,800.0","13.89M","1.59%"
"07/21/2021","50,300.0","50,600.0","51,400.0","49,600.0","18.60M","1.62%"
"07/20/2021","49,500.0","48,300.0","49,600.0","47,000.0","23.86M","3.13%"
"07/19/2021","48,000.0","50,000.0","50,900.0","48,000.0","39.33M","-6.98%"
"07/16/2021","51,600.0","52,600.0","52,900.0","51,600.0","13.99M","-0.96%"
"07/15/2021","52,100.0","51,000.0","53,200.0","50,800.0","20.32M","2.16%"
"07/14/2021","51,000.0","53,700.0","53,800.0","50,600.0","33.44M","-5.38%"
"07/13/2021","53,900.0","54,100.0","54,300.0","52,800.0","20.07M","0.75%"
"07/12/2021","53,500.0","55,500.0","56,500.0","52,700.0","58.24M","-5.48%"
"07/09/2021","56,600.0","56,100.0","58,500.0","55,600.0","38.23M","0.00%"
"07/08/2021","56,600.0","55,800.0","57,400.0","55,600.0","27.36M","0.00%"
"07/07/2021","56,600.0","55,000.0","56,600.0","53,600.0","37.77M","4.81%"
"07/06/2021","54,000.0","57,800.0","58,600.0","54,000.0","23.01M","-6.90%"
"07/05/2021","58,000.0","54,800.0","58,100.0","53,800.0","47.55M","6.81%"
"07/02/2021","54,300.0","54,200.0","54,900.0","53,600.0","29.38M","1.88%"
"07/01/2021","53,300.0","52,900.0","53,500.0","52,100.0","19.33M","1.14%"
"06/30/2021","52,700.0","53,400.0","53,800.0","52,600.0","11.46M","-1.50%"
"06/29/2021","53,500.0","53,600.0","53,800.0","52,800.0","16.06M","-0.19%"
"06/28/2021","53,600.0","52,500.0","54,000.0","52,200.0","25.72M","3.88%"
"06/25/2021","51,600.0","51,000.0","51,600.0","50,400.0","10.95M","1.38%"
"06/24/2021","50,900.0","51,300.0","51,700.0","50,600.0","10.69M","-0.39%"
"06/23/2021","51,100.0","50,900.0","52,100.0","50,600.0","13.10M","0.39%"
"06/22/2021","50,900.0","50,800.0","51,300.0","50,300.0","17.22M","0.99%"
"06/21/2021","50,400.0","50,500.0","51,000.0","50,000.0","14.92M","-1.18%"
"06/18/2021","51,000.0","51,000.0","51,400.0","50,600.0","9.96M","1.59%"
"06/17/2021","50,200.0","49,500.0","50,800.0","49,500.0","18.68M","-0.99%"
"06/16/2021","50,700.0","51,500.0","52,200.0","50,500.0","20.58M","-3.06%"
"06/15/2021","52,300.0","52,600.0","53,200.0","52,000.0","19.61M","-0.76%"
"06/14/2021","52,700.0","52,700.0","53,300.0","52,000.0","16.83M","0.19%"
"06/11/2021","52,600.0","50,500.0","53,200.0","50,100.0","29.60M","4.99%"
"06/10/2021","50,100.0","50,800.0","51,200.0","50,000.0","10.94M","-1.38%"
"06/09/2021","50,800.0","49,700.0","51,100.0","49,000.0","22.40M","2.63%"
"06/08/2021","49,500.0","52,300.0","52,900.0","49,000.0","25.30M","-5.53%"
"06/07/2021","52,400.0","53,000.0","54,400.0","51,000.0","20.39M","-4.03%"
"06/04/2021","54,600.0","54,800.0","55,200.0","54,000.0","13.37M","-0.36%"
"06/03/2021","54,800.0","53,300.0","55,100.0","52,800.0","23.74M","3.79%"
"06/02/2021","52,800.0","52,900.0","53,300.0","51,800.0","24.56M","-0.56%"
"06/01/2021","53,100.0","54,100.0","54,300.0","53,000.0","12.36M","-1.12%"
"05/31/2021","53,700.0","53,200.0","53,700.0","52,200.0","17.05M","1.32%"
"05/28/2021","53,000.0","51,700.0","53,300.0","51,200.0","20.00M","3.11%"
"05/27/2021","51,400.0","53,200.0","53,500.0","50,800.0","15.94M","-2.65%"
"05/26/2021","52,800.0","51,600.0","53,000.0","51,200.0","16.51M","2.33%"
"05/25/2021","51,600.0","51,200.0","52,100.0","51,200.0","10.56M","1.38%"
"05/24/2021","50,900.0","50,700.0","51,200.0","50,400.0","14.67M","0.20%"
"05/21/2021","50,800.0","50,000.0","51,700.0","49,850.0","18.85M","1.20%"
"05/20/2021","50,200.0","50,700.0","50,800.0","49,900.0","13.17M","0.20%"
"05/19/2021","50,100.0","48,400.0","50,200.0","48,400.0","17.47M","3.62%"
"05/18/2021","48,350.0","47,700.0","48,900.0","47,550.0","16.91M","1.04%"
"05/17/2021","47,850.0","48,750.0","49,100.0","47,600.0","17.12M","-1.64%"
"05/14/2021","48,650.0","48,900.0","48,950.0","48,150.0","13.91M","1.35%"
"05/13/2021","48,000.0","48,950.0","49,850.0","48,000.0","18.05M","-2.54%"
"05/12/2021","49,250.0","46,700.0","49,250.0","46,700.0","23.55M","4.79%"
"05/11/2021","47,000.0","48,100.0","48,250.0","47,000.0","16.02M","-2.29%"
"05/10/2021","48,100.0","46,700.0","48,400.0","46,700.0","19.61M","2.23%"
"05/07/2021","47,050.0","46,800.0","47,800.0","46,400.0","22.03M","-0.11%"
"05/06/2021","47,100.0","45,100.0","47,450.0","45,050.0","26.77M","2.50%"
"05/05/2021","45,950.0","44,400.0","46,400.0","44,350.0","28.21M","5.88%"
"05/04/2021","43,400.0","40,300.0","43,400.0","40,100.0","31.75M","5.85%"
"04/29/2021","41,000.0","40,050.0","41,750.0","39,950.0","17.97M","2.63%"
"04/28/2021","39,950.0","39,500.0","40,400.0","39,500.0","6.07M","1.14%"
"04/27/2021","39,500.0","39,450.0","40,100.0","39,350.0","7.37M","0.13%"
"04/26/2021","39,450.0","40,500.0","40,800.0","39,450.0","12.16M","-2.59%"
"04/23/2021","40,500.0","39,750.0","40,550.0","39,100.0","10.60M","2.02%"
"04/22/2021","39,700.0","40,700.0","41,100.0","39,700.0","8.35M","-3.52%"
"04/20/2021","41,150.0","41,550.0","41,900.0","40,800.0","11.23M","-1.08%"
"04/19/2021","41,600.0","40,800.0","41,700.0","40,000.0","11.23M","2.84%"
"04/16/2021","40,450.0","40,800.0","41,200.0","39,600.0","15.49M","-1.10%"
"04/15/2021","40,900.0","41,950.0","41,950.0","40,900.0","14.75M","-2.15%"
"04/14/2021","41,800.0","41,100.0","41,950.0","40,900.0","9.75M","0.48%"
"04/13/2021","41,600.0","42,500.0","42,500.0","41,500.0","15.10M","-1.30%"
"04/12/2021","42,150.0","42,000.0","42,300.0","41,600.0","14.99M","1.32%"
"04/09/2021","41,600.0","41,700.0","42,000.0","41,500.0","8.02M","-0.83%"
"04/08/2021","41,950.0","42,400.0","42,450.0","41,700.0","7.52M","-0.59%"
"04/07/2021","42,200.0","42,000.0","42,550.0","41,800.0","7.73M","0.00%"
"04/06/2021","42,200.0","41,450.0","42,500.0","41,100.0","14.96M","1.69%"
"04/05/2021","41,500.0","41,700.0","41,800.0","41,150.0","11.03M","0.61%"
"04/02/2021","41,250.0","41,600.0","41,800.0","41,200.0","8.26M","0.61%"
"04/01/2021","41,000.0","40,500.0","41,000.0","40,250.0","11.07M","1.49%"
"03/31/2021","40,400.0","40,200.0","40,950.0","40,050.0","10.30M","0.87%"
"03/30/2021","40,050.0","39,700.0","40,400.0","39,450.0","10.77M","1.26%"
"03/29/2021","39,550.0","39,700.0","39,750.0","39,150.0","8.38M","0.38%"
"03/26/2021","39,400.0","39,150.0","39,650.0","38,400.0","10.19M","0.13%"
"03/25/2021","39,350.0","39,400.0","39,800.0","39,200.0","10.42M","0.13%"
"03/24/2021","39,300.0","39,800.0","40,450.0","39,300.0","13.79M","-2.84%"
"03/23/2021","40,450.0","41,100.0","41,400.0","40,400.0","13.00M","-2.06%"
"03/22/2021","41,300.0","42,000.0","42,000.0","41,150.0","10.55M","-1.67%"
"03/19/2021","42,000.0","41,500.0","42,150.0","41,500.0","7.41M","0.12%"
"03/18/2021","41,950.0","41,200.0","41,950.0","40,700.0","16.41M","4.09%"
"03/17/2021","40,300.0","40,000.0","40,400.0","39,700.0","9.54M","1.13%"
"03/16/2021","39,850.0","40,100.0","40,200.0","39,300.0","11.58M","-0.62%"
"03/15/2021","40,100.0","40,200.0","40,500.0","39,900.0","8.64M","0.12%"
"03/12/2021","40,050.0","40,400.0","40,500.0","39,750.0","8.05M","-0.25%"
"03/11/2021","40,150.0","39,700.0","40,500.0","39,450.0","15.37M","2.16%"
"03/10/2021","39,300.0","39,000.0","39,400.0","38,500.0","9.05M","0.90%"
"03/09/2021","38,950.0","38,600.0","39,300.0","38,200.0","10.59M","0.26%"
"03/08/2021","38,850.0","39,500.0","39,700.0","38,500.0","10.81M","-0.89%"
"03/05/2021","39,200.0","38,900.0","39,350.0","38,300.0","11.17M","0.38%"
"03/04/2021","39,050.0","40,400.0","40,500.0","38,600.0","16.23M","-3.22%"
"03/03/2021","40,350.0","40,350.0","40,500.0","40,000.0","8.44M","0.12%"
"03/02/2021","40,300.0","40,700.0","40,750.0","40,000.0","8.58M","0.25%"
"03/01/2021","40,200.0","39,700.0","40,250.0","39,300.0","12.62M","2.42%"
"02/26/2021","39,250.0","38,300.0","39,350.0","38,300.0","15.27M","0.38%"
"02/25/2021","39,100.0","39,500.0","39,500.0","38,500.0","16.44M","0.00%"
"02/24/2021","39,100.0","40,200.0","40,200.0","38,900.0","14.40M","-1.76%"
"02/23/2021","39,800.0","38,800.0","40,350.0","38,800.0","26.38M","3.11%"
"02/22/2021","38,600.0","38,650.0","38,850.0","38,000.0","14.47M","-0.26%"
"02/19/2021","38,700.0","38,200.0","39,100.0","38,200.0","12.80M","-0.51%"
"02/18/2021","38,900.0","38,500.0","39,200.0","38,000.0","15.79M","1.30%"
"02/17/2021","38,400.0","36,900.0","38,400.0","36,500.0","21.13M","6.67%"
"02/09/2021","36,000.0","35,200.0","36,400.0","34,700.0","16.74M","2.86%"
"02/08/2021","35,000.0","36,300.0","36,500.0","34,000.0","21.27M","-3.58%"
"02/05/2021","36,300.0","35,300.0","36,300.0","35,100.0","14.36M","3.71%"
"02/04/2021","35,000.0","35,000.0","35,600.0","34,600.0","14.14M","0.00%"
"02/03/2021","35,000.0","34,500.0","35,500.0","34,000.0","18.24M","2.94%"
"02/02/2021","34,000.0","32,200.0","34,100.0","31,950.0","13.50M","5.59%"
"02/01/2021","32,200.0","32,000.0","33,500.0","31,550.0","15.15M","0.63%"
"01/29/2021","32,000.0","29,600.0","33,350.0","29,600.0","27.42M","2.56%"
"01/28/2021","31,200.0","31,500.0","33,000.0","31,200.0","27.12M","-6.87%"
"01/27/2021","33,500.0","34,250.0","35,250.0","32,650.0","18.78M","-4.29%"
"01/26/2021","35,000.0","35,500.0","35,800.0","33,500.0","18.11M","-2.23%"
"01/25/2021","35,800.0","35,750.0","36,350.0","35,600.0","15.64M","-1.38%"
"01/22/2021","36,300.0","36,450.0","36,900.0","35,800.0","12.35M","0.28%"
"01/21/2021","36,200.0","35,250.0","36,200.0","34,500.0","14.25M","4.93%"
"01/20/2021","34,500.0","34,200.0","34,750.0","32,000.0","25.77M","1.77%"
"01/19/2021","33,900.0","35,900.0","36,400.0","33,700.0","22.80M","-6.35%"
"01/18/2021","36,200.0","37,200.0","37,200.0","35,900.0","13.38M","-1.76%"
"01/15/2021","36,850.0","36,300.0","37,550.0","36,250.0","17.36M","3.08%"
"01/14/2021","35,750.0","35,350.0","35,800.0","34,850.0","12.00M","1.71%"
"01/13/2021","35,150.0","35,450.0","36,000.0","35,100.0","11.40M","0.14%"
"01/12/2021","35,100.0","35,000.0","35,500.0","34,500.0","16.42M","-0.43%"
"01/11/2021","35,250.0","35,750.0","36,250.0","35,200.0","13.98M","-1.26%"
"01/08/2021","35,700.0","35,000.0","36,250.0","34,900.0","16.95M","3.18%"
"01/07/2021","34,600.0","33,750.0","34,600.0","33,400.0","16.39M","4.22%"
"01/06/2021","33,200.0","33,200.0","34,100.0","32,950.0","20.22M","0.45%"
"01/05/2021","33,050.0","32,750.0","33,350.0","32,550.0","14.28M","0.15%"
"01/04/2021","33,000.0","32,000.0","33,400.0","31,900.0","18.61M","4.76%"
"12/31/2020","31,500.0","29,950.0","31,750.0","29,900.0","16.49M","5.35%"
"12/30/2020","29,900.0","29,800.0","30,550.0","29,700.0","16.58M","0.50%"
"12/29/2020","29,750.0","29,650.0","29,900.0","29,500.0","12.91M","0.17%"
"12/28/2020","29,700.0","29,900.0","30,300.0","29,500.0","14.47M","0.51%"
"12/25/2020","29,550.0","27,950.0","29,600.0","27,700.0","17.11M","5.72%"
"12/24/2020","27,950.0","28,900.0","28,900.0","26,900.0","26.11M","-2.61%"
"12/23/2020","28,700.0","29,200.0","29,250.0","28,500.0","19.45M","-1.71%"
"12/22/2020","29,200.0","29,150.0","29,500.0","29,050.0","17.11M","-0.68%"
"12/21/2020","29,400.0","29,500.0","29,900.0","29,100.0","22.78M","0.68%"
"12/18/2020","29,200.0","28,500.0","29,250.0","28,500.0","15.25M","3.00%"
"12/17/2020","28,350.0","28,000.0","29,350.0","27,950.0","29.80M","1.43%"
"12/16/2020","27,950.0","26,450.0","27,950.0","26,400.0","29.09M","6.88%"
"12/15/2020","26,150.0","26,100.0","26,350.0","25,950.0","13.70M","-0.19%"
"12/14/2020","26,200.0","25,900.0","26,300.0","25,700.0","15.69M","2.14%"
"12/11/2020","25,650.0","25,300.0","25,650.0","25,050.0","14.12M","1.38%"
"12/10/2020","25,300.0","26,000.0","26,000.0","25,300.0","18.13M","-1.75%"
"12/09/2020","25,750.0","25,100.0","25,900.0","25,050.0","19.00M","3.00%"
"12/08/2020","25,000.0","25,200.0","25,200.0","24,900.0","14.34M","-0.20%"
"12/07/2020","25,050.0","24,800.0","25,200.0","24,800.0","13.04M","1.01%"
"12/04/2020","24,800.0","24,850.0","25,000.0","24,750.0","16.51M","-0.80%"
"12/03/2020","25,000.0","25,100.0","25,500.0","25,000.0","17.49M","-0.40%"
"12/02/2020","25,100.0","24,600.0","25,300.0","24,600.0","27.46M","2.45%"
"12/01/2020","24,500.0","23,800.0","24,500.0","23,650.0","22.80M","1.66%"
"11/30/2020","24,100.0","23,950.0","24,400.0","23,700.0","24.65M","1.69%"
"11/27/2020","23,700.0","23,600.0","23,900.0","23,550.0","12.26M","0.42%"
"11/26/2020","23,600.0","23,650.0","23,700.0","23,400.0","13.09M","0.00%"
"11/25/2020","23,600.0","23,950.0","23,950.0","23,550.0","13.66M","-0.21%"
"11/24/2020","23,650.0","23,700.0","24,000.0","23,400.0","22.53M","0.21%"
"11/23/2020","23,600.0","23,400.0","23,650.0","23,100.0","17.86M","0.85%"
"11/20/2020","23,400.0","23,500.0","23,500.0","23,300.0","13.55M","0.00%"
"11/19/2020","23,400.0","23,350.0","23,600.0","23,200.0","16.94M","0.21%"
"11/18/2020","23,350.0","23,300.0","23,600.0","23,100.0","22.76M","0.00%"
"11/17/2020","23,350.0","23,000.0","23,350.0","22,850.0","17.46M","1.97%"
"11/16/2020","22,900.0","23,400.0","23,400.0","22,800.0","25.24M","-0.43%"
"11/13/2020","23,000.0","22,400.0","23,150.0","22,400.0","22.38M","3.14%"
"11/12/2020","22,300.0","22,100.0","22,300.0","22,000.0","10.77M","1.36%"
"11/11/2020","22,000.0","22,200.0","22,400.0","22,000.0","14.43M","-0.45%"
"11/10/2020","22,100.0","22,500.0","22,550.0","22,050.0","21.22M","0.23%"
"11/09/2020","22,050.0","21,850.0","22,200.0","21,800.0","17.62M","2.08%"
"11/06/2020","21,600.0","21,900.0","22,000.0","21,500.0","15.37M","-0.92%"
"11/05/2020","21,800.0","22,150.0","22,350.0","21,800.0","19.77M","-1.58%"
"11/04/2020","22,150.0","22,350.0","22,600.0","22,150.0","21.93M","0.68%"
"11/03/2020","22,000.0","21,800.0","22,450.0","21,650.0","27.96M","2.80%"
"11/02/2020","21,400.0","21,600.0","21,850.0","21,400.0","22.94M","0.23%"
"10/30/2020","21,350.0","22,100.0","22,250.0","21,350.0","28.89M","-2.06%"
"10/29/2020","21,800.0","22,100.0","22,700.0","21,800.0","36.15M","-2.68%"
"10/28/2020","22,400.0","23,300.0","23,450.0","22,400.0","32.09M","-3.86%"
"10/27/2020","23,300.0","23,800.0","23,950.0","23,300.0","30.81M","-0.21%"
"10/26/2020","23,350.0","24,400.0","24,950.0","23,350.0","24.71M","-2.71%"
"10/23/2020","24,000.0","24,100.0","24,200.0","23,850.0","28.29M","0.21%"
"10/22/2020","23,950.0","23,700.0","24,000.0","23,500.0","24.41M","0.84%"
"10/21/2020","23,750.0","24,200.0","24,400.0","23,700.0","20.95M","-0.63%"
"10/20/2020","23,900.0","23,000.0","24,150.0","23,000.0","34.66M","3.91%"
"10/19/2020","23,000.0","22,950.0","23,350.0","22,850.0","28.51M","1.55%"
"10/16/2020","22,650.0","22,900.0","23,300.0","22,600.0","27.08M","-0.88%"
"10/15/2020","22,850.0","23,450.0","23,800.0","22,800.0","25.32M","0.00%"
"10/14/2020","22,850.0","21,600.0","22,850.0","21,600.0","48.63M","6.78%"
"10/13/2020","21,400.0","21,250.0","21,650.0","21,200.0","14.22M","0.94%"
"10/12/2020","21,200.0","21,700.0","21,850.0","21,200.0","14.20M","-0.70%"
"10/09/2020","21,350.0","21,500.0","21,950.0","21,300.0","13.52M","0.00%"
"10/08/2020","21,350.0","21,900.0","22,000.0","21,350.0","14.37M","-2.06%"
"10/07/2020","21,800.0","22,300.0","22,350.0","21,800.0","12.16M","-2.68%"
"10/06/2020","22,400.0","22,700.0","22,750.0","22,200.0","6.85M","-0.67%"
"10/05/2020","22,550.0","22,550.0","22,750.0","22,250.0","5.36M","0.00%"
"10/02/2020","22,550.0","22,900.0","23,000.0","22,350.0","4.38M","-1.10%"
"10/01/2020","22,800.0","22,650.0","22,900.0","22,600.0","3.50M","0.88%"
"09/30/2020","22,600.0","22,550.0","22,600.0","22,300.0","2.36M","0.22%"
"09/29/2020","22,550.0","22,900.0","23,000.0","22,550.0","2.97M","-1.31%"
"09/28/2020","22,850.0","22,350.0","23,000.0","22,250.0","2.81M","2.01%"
"09/25/2020","22,400.0","22,450.0","22,500.0","22,250.0","3.50M","-0.22%"
"09/24/2020","22,450.0","22,250.0","22,450.0","22,100.0","3.99M","0.67%"
"09/23/2020","22,300.0","22,350.0","22,500.0","22,250.0","2.94M","-0.22%"
"09/22/2020","22,350.0","22,200.0","22,450.0","22,050.0","3.67M","0.22%"
"09/21/2020","22,300.0","22,000.0","22,300.0","22,000.0","5.87M","2.29%"
"09/18/2020","21,800.0","21,400.0","21,800.0","21,350.0","5.33M","2.35%"
"09/17/2020","21,300.0","21,400.0","21,600.0","21,250.0","3.65M","-0.47%"
"09/16/2020","21,400.0","21,350.0","21,450.0","21,250.0","1.26M","0.23%"
"09/15/2020","21,350.0","21,500.0","21,550.0","21,350.0","1.84M","-0.70%"
"09/14/2020","21,500.0","21,300.0","21,550.0","21,300.0","1.58M","0.94%"
"09/11/2020","21,300.0","21,250.0","21,450.0","21,100.0","1.24M","-0.70%"
"09/10/2020","21,450.0","21,300.0","21,600.0","21,300.0","1.52M","1.18%"
"09/09/2020","21,200.0","21,100.0","21,500.0","20,950.0","2.76M","-1.40%"
"09/08/2020","21,500.0","21,350.0","21,500.0","21,050.0","1.94M","1.42%"
"09/07/2020","21,200.0","21,850.0","21,950.0","21,200.0","2.35M","-2.97%"
"09/04/2020","21,850.0","21,700.0","21,900.0","21,700.0","2.28M","-0.68%"
"09/03/2020","22,000.0","21,750.0","22,100.0","21,700.0","3.33M","1.38%"
"09/01/2020","21,700.0","21,300.0","21,700.0","21,100.0","2.17M","1.88%"
"08/31/2020","21,300.0","21,600.0","21,800.0","21,250.0","1.79M","-1.39%"
"08/28/2020","21,600.0","21,300.0","21,850.0","21,250.0","5.15M","2.13%"
"08/27/2020","21,150.0","21,100.0","21,200.0","21,000.0","1.79M","0.24%"
"08/26/2020","21,100.0","21,200.0","21,300.0","21,000.0","2.12M","-0.94%"
"08/25/2020","21,300.0","21,000.0","21,400.0","21,000.0","3.78M","1.67%"
"08/24/2020","20,950.0","20,750.0","21,000.0","20,500.0","2.75M","2.95%"
"08/21/2020","20,350.0","20,100.0","20,400.0","20,100.0","2.82M","1.75%"
"08/20/2020","20,000.0","20,200.0","20,250.0","19,850.0","3.66M","-0.99%"
"08/19/2020","20,200.0","20,100.0","20,250.0","20,000.0","1.13M","0.75%"
"08/18/2020","20,050.0","20,100.0","20,200.0","20,000.0","1.41M","-0.25%"
"08/17/2020","20,100.0","19,750.0","20,150.0","19,750.0","2.73M","1.52%"
"08/14/2020","19,800.0","19,800.0","20,200.0","19,650.0","2.59M","0.00%"
"08/13/2020","19,800.0","19,750.0","19,850.0","19,600.0","1.58M","0.76%"
"08/12/2020","19,650.0","19,450.0","19,700.0","19,450.0","1.63M","1.03%"
"08/11/2020","19,450.0","19,550.0","19,550.0","19,300.0","1.33M","0.26%"
"08/10/2020","19,400.0","19,300.0","19,700.0","19,300.0","2.74M","1.31%"
"08/07/2020","19,150.0","19,300.0","19,350.0","19,050.0","951.19K","-0.26%"
"08/06/2020","19,200.0","19,400.0","19,500.0","19,100.0","1.86M","-1.29%"
"08/05/2020","19,450.0","18,900.0","19,450.0","18,700.0","1.92M","3.18%"
"08/04/2020","18,850.0","18,900.0","19,100.0","18,750.0","1.21M","1.34%"
"08/03/2020","18,600.0","18,250.0","18,600.0","18,150.0","1.25M","2.48%"
"07/31/2020","18,150.0","18,200.0","18,650.0","18,150.0","2.30M","-2.42%"
"07/30/2020","18,600.0","18,200.0","19,000.0","17,500.0","974.91K","2.48%"
"07/29/2020","18,150.0","18,300.0","18,400.0","17,500.0","1.84M","-3.20%"
"07/28/2020","18,750.0","18,200.0","18,800.0","18,000.0","2.88M","3.31%"
"07/27/2020","18,150.0","19,100.0","19,200.0","18,150.0","2.68M","-6.92%"
"07/24/2020","19,500.0","20,300.0","20,300.0","19,000.0","2.95M","-3.94%"
"07/23/2020","20,300.0","20,200.0","20,300.0","20,100.0","861.14K","0.25%"
"07/22/2020","20,250.0","20,600.0","20,600.0","20,250.0","1.22M","-1.22%"
"07/21/2020","20,500.0","20,500.0","20,550.0","20,300.0","818.21K","0.00%"
"07/20/2020","20,500.0","20,500.0","20,650.0","20,450.0","1.16M","-0.49%"
"07/17/2020","20,600.0","20,700.0","20,800.0","20,550.0","1.18M","-1.90%"
"07/16/2020","21,000.0","20,600.0","21,000.0","20,400.0","1.66M","1.94%"
"07/15/2020","20,600.0","20,300.0","20,750.0","20,300.0","1.70M","2.49%"
"07/14/2020","20,100.0","20,200.0","20,300.0","20,000.0","1.81M","-0.99%"
"07/13/2020","20,300.0","20,800.0","20,800.0","20,000.0","1.73M","-0.73%"
"07/10/2020","20,450.0","20,850.0","20,950.0","20,450.0","1.40M","-2.39%"
"07/09/2020","20,950.0","20,250.0","20,950.0","20,100.0","3.15M","4.23%"
"07/08/2020","20,100.0","20,200.0","20,250.0","20,100.0","676.84K","-0.74%"
"07/07/2020","20,250.0","20,300.0","20,400.0","20,200.0","895.15K","0.00%"
"07/06/2020","20,250.0","19,800.0","20,250.0","19,800.0","1.22M","2.27%"
"07/03/2020","19,800.0","19,750.0","19,800.0","19,550.0","593.39K","0.25%"
"07/02/2020","19,750.0","19,950.0","19,950.0","19,500.0","820.25K","-0.25%"
"07/01/2020","19,800.0","19,500.0","19,900.0","19,450.0","751.46K","1.28%"
"06/30/2020","19,550.0","19,750.0","19,900.0","19,100.0","1.29M","-0.51%"
"06/29/2020","19,650.0","20,000.0","20,100.0","19,600.0","1.75M","-3.44%"
"06/26/2020","20,350.0","20,500.0","20,500.0","20,150.0","668.03K","0.74%"
"06/25/2020","20,200.0","20,200.0","20,400.0","20,100.0","1.16M","-1.46%"
"06/24/2020","20,500.0","20,700.0","20,750.0","20,400.0","860.73K","-0.73%"
"06/23/2020","20,650.0","20,750.0","20,800.0","20,600.0","1.17M","-0.48%"
"06/22/2020","20,750.0","20,950.0","20,950.0","20,500.0","1.17M","1.22%"
"06/19/2020","20,500.0","20,200.0","20,500.0","20,200.0","632.65K","1.49%"
"06/18/2020","20,200.0","20,300.0","20,450.0","20,200.0","625.89K","-0.49%"
"06/17/2020","20,300.0","20,600.0","20,600.0","20,250.0","1.42M","-1.46%"
"06/16/2020","20,600.0","20,500.0","20,600.0","20,300.0","1.49M","2.49%"
"06/15/2020","20,100.0","21,100.0","21,100.0","20,050.0","2.30M","-4.96%"
"06/12/2020","21,150.0","20,600.0","21,250.0","20,500.0","3.72M","1.20%"
"06/11/2020","20,900.0","21,900.0","21,900.0","20,900.0","3.48M","-4.35%"
"06/10/2020","21,850.0","21,350.0","21,950.0","21,250.0","2.30M","1.39%"
"06/09/2020","21,550.0","21,700.0","21,800.0","21,500.0","1.70M","-0.69%"
"06/08/2020","21,700.0","21,550.0","21,900.0","21,550.0","3.48M","1.17%"
"06/05/2020","21,450.0","21,250.0","21,450.0","21,100.0","2.25M","1.18%"
"06/04/2020","21,200.0","21,400.0","21,450.0","21,200.0","2.22M","-0.70%"
"06/03/2020","21,350.0","21,150.0","21,450.0","21,150.0","2.06M","0.95%"
"06/02/2020","21,150.0","21,500.0","21,500.0","21,100.0","2.47M","-0.70%"
"06/01/2020","21,300.0","20,800.0","21,300.0","20,800.0","2.34M","2.90%"
"05/29/2020","20,700.0","20,850.0","20,950.0","20,700.0","1.10M","-0.96%"
"05/28/2020","20,900.0","20,900.0","21,200.0","20,800.0","1.58M","0.00%"
"05/27/2020","20,900.0","21,200.0","21,400.0","20,900.0","2.67M","-1.18%"
"05/26/2020","21,150.0","21,100.0","21,300.0","21,000.0","2.22M","0.48%"
"05/25/2020","21,050.0","21,100.0","21,300.0","20,950.0","1.96M","0.00%"
"05/22/2020","21,050.0","21,600.0","21,600.0","21,050.0","3.32M","-4.32%"
"05/21/2020","22,000.0","21,050.0","22,000.0","20,850.0","3.54M","4.51%"
"05/20/2020","21,050.0","21,000.0","21,200.0","20,950.0","1.91M","-1.17%"
"05/19/2020","21,300.0","21,350.0","21,400.0","20,950.0","4.14M","3.15%"
"05/18/2020","20,650.0","20,050.0","20,750.0","19,900.0","3.02M","1.98%"
"05/15/2020","20,250.0","20,600.0","20,600.0","20,000.0","3.00M","-1.22%"
"05/14/2020","20,500.0","20,400.0","20,600.0","20,100.0","3.35M","-0.49%"
"05/13/2020","20,600.0","20,300.0","20,700.0","19,800.0","4.75M","0.00%"
"05/12/2020","20,600.0","20,100.0","20,750.0","19,600.0","3.56M","1.98%"
"05/11/2020","20,200.0","19,500.0","20,200.0","19,350.0","4.77M","6.88%"
"05/08/2020","18,900.0","17,700.0","18,900.0","17,700.0","7.26M","6.78%"
"05/07/2020","17,700.0","17,550.0","17,700.0","17,450.0","2.41M","0.85%"
"05/06/2020","17,550.0","17,550.0","17,550.0","17,250.0","1.18M","0.86%"
"05/05/2020","17,400.0","17,500.0","17,600.0","17,350.0","546.01K","0.00%"
"05/04/2020","17,400.0","17,200.0","17,700.0","17,150.0","2.02M","1.16%"
"04/29/2020","17,200.0","17,100.0","17,550.0","17,000.0","2.86M","0.58%"
"04/28/2020","17,100.0","17,150.0","17,150.0","16,850.0","921.18K","0.29%"
"04/27/2020","17,050.0","17,100.0","17,250.0","17,000.0","962.88K","-0.29%"
"04/24/2020","17,100.0","17,100.0","17,150.0","16,900.0","851.77K","0.88%"
"04/23/2020","16,950.0","17,200.0","17,300.0","16,950.0","1.40M","0.30%"
"04/22/2020","16,900.0","16,250.0","17,200.0","16,250.0","1.74M","0.30%"
"04/21/2020","16,850.0","17,300.0","17,400.0","16,700.0","3.05M","-4.80%"
"04/20/2020","17,700.0","17,900.0","17,950.0","17,500.0","1.85M","-0.28%"
"04/17/2020","17,750.0","17,800.0","17,850.0","17,500.0","2.25M","1.14%"
"04/16/2020","17,550.0","17,500.0","17,550.0","17,200.0","1.86M","0.00%"
"04/15/2020","17,550.0","17,300.0","17,550.0","17,200.0","2.54M","2.33%"
"04/14/2020","17,150.0","17,350.0","17,350.0","16,900.0","1.45M","-0.29%"
"04/13/2020","17,200.0","16,750.0","17,600.0","16,750.0","2.56M","2.69%"
"04/10/2020","16,750.0","16,700.0","16,950.0","16,650.0","1.50M","-0.89%"
"04/09/2020","16,900.0","17,100.0","17,150.0","16,850.0","2.20M","1.20%"
"04/08/2020","16,700.0","16,800.0","16,800.0","16,300.0","1.41M","-1.47%"
"04/07/2020","16,950.0","17,000.0","17,200.0","16,800.0","2.42M","0.00%"
"04/06/2020","16,950.0","16,200.0","16,950.0","16,100.0","2.97M","6.94%"
"04/03/2020","15,850.0","15,500.0","15,950.0","15,500.0","1.43M","2.26%"
"04/01/2020","15,500.0","15,000.0","15,600.0","14,350.0","1.32M","3.33%"
"03/31/2020","15,000.0","15,000.0","15,500.0","14,000.0","1.58M","0.67%"
"03/30/2020","14,900.0","15,100.0","15,500.0","14,900.0","3.36M","-6.88%"
"03/27/2020","16,000.0","16,150.0","16,200.0","15,600.0","2.75M","-0.62%"
"03/26/2020","16,100.0","16,600.0","16,600.0","16,100.0","1.49M","-3.01%"
"03/25/2020","16,600.0","16,500.0","16,700.0","16,300.0","2.95M","3.11%"
"03/24/2020","16,100.0","16,500.0","16,500.0","16,000.0","3.21M","-0.31%"
"03/23/2020","16,150.0","16,200.0","17,000.0","16,150.0","3.27M","-6.92%"
"03/20/2020","17,350.0","17,450.0","17,500.0","17,150.0","1.88M","0.58%"
"03/19/2020","17,250.0","17,600.0","17,800.0","17,150.0","2.21M","-3.90%"
"03/18/2020","17,950.0","18,100.0","18,200.0","17,700.0","1.91M","0.00%"
"03/17/2020","17,950.0","17,000.0","17,950.0","16,850.0","3.11M","2.87%"
"03/16/2020","17,450.0","18,250.0","18,250.0","17,200.0","3.65M","-4.38%"
"03/13/2020","18,250.0","16,700.0","18,550.0","16,700.0","4.33M","1.67%"
"03/12/2020","17,950.0","18,000.0","18,500.0","17,950.0","4.05M","-6.99%"
"03/11/2020","19,300.0","20,800.0","20,950.0","19,300.0","5.63M","-6.76%"
"03/10/2020","20,700.0","20,400.0","21,000.0","20,100.0","3.16M","0.73%"
"03/09/2020","20,550.0","20,650.0","21,000.0","20,550.0","4.58M","-6.80%"
"03/06/2020","22,050.0","22,200.0","22,200.0","21,800.0","2.25M","-1.12%"
"03/05/2020","22,300.0","22,550.0","22,850.0","22,300.0","2.02M","-1.11%"
"03/04/2020","22,550.0","22,350.0","22,600.0","22,200.0","1.94M","0.22%"
"03/03/2020","22,500.0","22,850.0","23,000.0","22,500.0","2.16M","0.00%"
"03/02/2020","22,500.0","22,400.0","22,650.0","22,100.0","2.57M","1.12%"
"02/28/2020","22,250.0","22,000.0","22,400.0","21,850.0","2.43M","-2.20%"
"02/27/2020","22,750.0","22,350.0","22,750.0","22,200.0","2.32M","1.79%"
"02/26/2020","22,350.0","21,750.0","22,500.0","21,600.0","2.24M","0.68%"
"02/25/2020","22,200.0","21,000.0","22,250.0","20,800.0","3.24M","3.26%"
"02/24/2020","21,500.0","22,750.0","22,750.0","21,500.0","7.51M","-6.93%"
"02/21/2020","23,100.0","23,400.0","23,700.0","23,100.0","2.96M","-1.70%"
"02/20/2020","23,500.0","23,700.0","23,900.0","23,300.0","2.95M","-0.63%"
"02/19/2020","23,650.0","23,600.0","23,700.0","23,450.0","1.98M","-0.21%"
"02/18/2020","23,700.0","23,800.0","24,100.0","23,550.0","4.27M","-0.42%"
"02/17/2020","23,800.0","23,400.0","23,900.0","23,250.0","6.39M","2.15%"
"02/14/2020","23,300.0","23,100.0","23,400.0","22,900.0","4.38M","3.10%"
"02/13/2020","22,600.0","22,550.0","22,650.0","22,400.0","1.82M","-0.22%"
"02/12/2020","22,650.0","22,300.0","22,950.0","22,200.0","3.16M","2.26%"
"02/11/2020","22,150.0","21,850.0","22,300.0","21,850.0","1.35M","1.37%"
"02/10/2020","21,850.0","21,900.0","22,000.0","21,650.0","1.30M","-1.35%"
"02/07/2020","22,150.0","22,350.0","22,350.0","21,900.0","1.97M","-0.89%"
"02/06/2020","22,350.0","21,650.0","22,450.0","21,500.0","2.68M","2.76%"
"02/05/2020","21,750.0","22,000.0","22,150.0","21,550.0","2.43M","0.00%"
"02/04/2020","21,750.0","21,500.0","21,900.0","21,200.0","2.20M","1.40%"
"02/03/2020","21,450.0","20,500.0","22,100.0","20,350.0","4.26M","-0.69%"
"01/31/2020","21,600.0","22,650.0","22,900.0","21,600.0","6.12M","-5.68%"
"01/30/2020","22,900.0","23,500.0","23,800.0","22,750.0","4.01M","-5.37%"
"01/22/2020","24,200.0","24,250.0","24,250.0","23,950.0","2.31M","0.62%"
"01/21/2020","24,050.0","23,450.0","24,050.0","23,400.0","7.46M","3.00%"
"01/20/2020","23,350.0","23,300.0","23,450.0","23,200.0","2.02M","-0.21%"
"01/17/2020","23,400.0","23,400.0","23,600.0","23,300.0","1.88M","0.43%"
"01/16/2020","23,300.0","22,900.0","23,350.0","22,900.0","4.38M","1.75%"
"01/15/2020","22,900.0","22,900.0","23,000.0","22,800.0","1.93M","0.00%"
"01/14/2020","22,900.0","22,950.0","23,050.0","22,900.0","1.80M","-0.22%"
"01/13/2020","22,950.0","23,000.0","23,150.0","22,750.0","892.36K","-0.86%"
"01/10/2020","23,150.0","23,000.0","23,500.0","23,000.0","3.68M","0.43%"
"01/09/2020","23,050.0","23,000.0","23,100.0","22,850.0","2.01M","1.32%"
"01/08/2020","22,750.0","22,800.0","23,050.0","22,600.0","1.71M","-1.94%"
"01/07/2020","23,200.0","23,050.0","23,200.0","23,000.0","1.04M","0.65%"
"01/06/2020","23,050.0","23,400.0","23,400.0","23,050.0","1.16M","-2.54%"
"01/03/2020","23,650.0","23,900.0","23,950.0","23,650.0","756.70K","-0.63%"
"01/02/2020","23,800.0","23,550.0","23,850.0","23,500.0","1.39M","1.06%"